Título,Estructura de la generación por tecnologías_01-01-2020_31-12-2020,,,,,,,,,,,,,,,,,,,,,,,,,,,,,,,,,,,,,,,,,,,,,,,,,,,,,,,,,,,,,,,,,,,,,,,,,,,,,,,,,,,,,,,,,,,,,,,,,,,,,,,,,,,,,,,,,,,,,,,,,,,,,,,,,,,,,,,,,,,,,,,,,,,,,,,,,,,,,,,,,,,,,,,,,,,,,,,,,,,,,,,,,,,,,,,,,,,,,,,,,,,,,,,,,,,,,,,,,,,,,,,,,,,,,,,,,,,,,,,,,,,,,,,,,,,,,,,,,,,,,,,,,,,,,,,,,,,,,,,,,,,,,,,,,,,,,,,,,,,,,,,,,,,,,,,,,,,,,,,,,,,,,,,,,,,,,,,,,,,,,,,,,,,,,,,,,,,,,,,,,,,,,
Sistema eléctrico,Nacional,,,,,,,,,,,,,,,,,,,,,,,,,,,,,,,,,,,,,,,,,,,,,,,,,,,,,,,,,,,,,,,,,,,,,,,,,,,,,,,,,,,,,,,,,,,,,,,,,,,,,,,,,,,,,,,,,,,,,,,,,,,,,,,,,,,,,,,,,,,,,,,,,,,,,,,,,,,,,,,,,,,,,,,,,,,,,,,,,,,,,,,,,,,,,,,,,,,,,,,,,,,,,,,,,,,,,,,,,,,,,,,,,,,,,,,,,,,,,,,,,,,,,,,,,,,,,,,,,,,,,,,,,,,,,,,,,,,,,,,,,,,,,,,,,,,,,,,,,,,,,,,,,,,,,,,,,,,,,,,,,,,,,,,,,,,,,,,,,,,,,,,,,,,,,,,,,,,,,,,,,,,,,
Magnitudes,GWh,,,,,,,,,,,,,,,,,,,,,,,,,,,,,,,,,,,,,,,,,,,,,,,,,,,,,,,,,,,,,,,,,,,,,,,,,,,,,,,,,,,,,,,,,,,,,,,,,,,,,,,,,,,,,,,,,,,,,,,,,,,,,,,,,,,,,,,,,,,,,,,,,,,,,,,,,,,,,,,,,,,,,,,,,,,,,,,,,,,,,,,,,,,,,,,,,,,,,,,,,,,,,,,,,,,,,,,,,,,,,,,,,,,,,,,,,,,,,,,,,,,,,,,,,,,,,,,,,,,,,,,,,,,,,,,,,,,,,,,,,,,,,,,,,,,,,,,,,,,,,,,,,,,,,,,,,,,,,,,,,,,,,,,,,,,,,,,,,,,,,,,,,,,,,,,,,,,,,,,,,,,,,
 ,,,,,,,,,,,,,,,,,,,,,,,,,,,,,,,,,,,,,,,,,,,,,,,,,,,,,,,,,,,,,,,,,,,,,,,,,,,,,,,,,,,,,,,,,,,,,,,,,,,,,,,,,,,,,,,,,,,,,,,,,,,,,,,,,,,,,,,,,,,,,,,,,,,,,,,,,,,,,,,,,,,,,,,,,,,,,,,,,,,,,,,,,,,,,,,,,,,,,,,,,,,,,,,,,,,,,,,,,,,,,,,,,,,,,,,,,,,,,,,,,,,,,,,,,,,,,,,,,,,,,,,,,,,,,,,,,,,,,,,,,,,,,,,,,,,,,,,,,,,,,,,,,,,,,,,,,,,,,,,,,,,,,,,,,,,,,,,,,,,,,,,,,,,,,,,,,,,,,,,,,,,,,,
Fecha,2020-01-01T00:00:00+01:00,2020-01-02T00:00:00+01:00,2020-01-03T00:00:00+01:00,2020-01-04T00:00:00+01:00,2020-01-05T00:00:00+01:00,2020-01-06T00:00:00+01:00,2020-01-07T00:00:00+01:00,2020-01-08T00:00:00+01:00,2020-01-09T00:00:00+01:00,2020-01-10T00:00:00+01:00,2020-01-11T00:00:00+01:00,2020-01-12T00:00:00+01:00,2020-01-13T00:00:00+01:00,2020-01-14T00:00:00+01:00,2020-01-15T00:00:00+01:00,2020-01-16T00:00:00+01:00,2020-01-17T00:00:00+01:00,2020-01-18T00:00:00+01:00,2020-01-19T00:00:00+01:00,2020-01-20T00:00:00+01:00,2020-01-21T00:00:00+01:00,2020-01-22T00:00:00+01:00,2020-01-23T00:00:00+01:00,2020-01-24T00:00:00+01:00,2020-01-25T00:00:00+01:00,2020-01-26T00:00:00+01:00,2020-01-27T00:00:00+01:00,2020-01-28T00:00:00+01:00,2020-01-29T00:00:00+01:00,2020-01-30T00:00:00+01:00,2020-01-31T00:00:00+01:00,2020-02-01T00:00:00+01:00,2020-02-02T00:00:00+01:00,2020-02-03T00:00:00+01:00,2020-02-04T00:00:00+01:00,2020-02-05T00:00:00+01:00,2020-02-06T00:00:00+01:00,2020-02-07T00:00:00+01:00,2020-02-08T00:00:00+01:00,2020-02-09T00:00:00+01:00,2020-02-10T00:00:00+01:00,2020-02-11T00:00:00+01:00,2020-02-12T00:00:00+01:00,2020-02-13T00:00:00+01:00,2020-02-14T00:00:00+01:00,2020-02-15T00:00:00+01:00,2020-02-16T00:00:00+01:00,2020-02-17T00:00:00+01:00,2020-02-18T00:00:00+01:00,2020-02-19T00:00:00+01:00,2020-02-20T00:00:00+01:00,2020-02-21T00:00:00+01:00,2020-02-22T00:00:00+01:00,2020-02-23T00:00:00+01:00,2020-02-24T00:00:00+01:00,2020-02-25T00:00:00+01:00,2020-02-26T00:00:00+01:00,2020-02-27T00:00:00+01:00,2020-02-28T00:00:00+01:00,2020-02-29T00:00:00+01:00,2020-03-01T00:00:00+01:00,2020-03-02T00:00:00+01:00,2020-03-03T00:00:00+01:00,2020-03-04T00:00:00+01:00,2020-03-05T00:00:00+01:00,2020-03-06T00:00:00+01:00,2020-03-07T00:00:00+01:00,2020-03-08T00:00:00+01:00,2020-03-09T00:00:00+01:00,2020-03-10T00:00:00+01:00,2020-03-11T00:00:00+01:00,2020-03-12T00:00:00+01:00,2020-03-13T00:00:00+01:00,2020-03-14T00:00:00+01:00,2020-03-15T00:00:00+01:00,2020-03-16T00:00:00+01:00,2020-03-17T00:00:00+01:00,2020-03-18T00:00:00+01:00,2020-03-19T00:00:00+01:00,2020-03-20T00:00:00+01:00,2020-03-21T00:00:00+01:00,2020-03-22T00:00:00+01:00,2020-03-23T00:00:00+01:00,2020-03-24T00:00:00+01:00,2020-03-25T00:00:00+01:00,2020-03-26T00:00:00+01:00,2020-03-27T00:00:00+01:00,2020-03-28T00:00:00+01:00,2020-03-29T00:00:00+01:00,2020-03-30T00:00:00+02:00,2020-03-31T00:00:00+02:00,2020-04-01T00:00:00+02:00,2020-04-02T00:00:00+02:00,2020-04-03T00:00:00+02:00,2020-04-04T00:00:00+02:00,2020-04-05T00:00:00+02:00,2020-04-06T00:00:00+02:00,2020-04-07T00:00:00+02:00,2020-04-08T00:00:00+02:00,2020-04-09T00:00:00+02:00,2020-04-10T00:00:00+02:00,2020-04-11T00:00:00+02:00,2020-04-12T00:00:00+02:00,2020-04-13T00:00:00+02:00,2020-04-14T00:00:00+02:00,2020-04-15T00:00:00+02:00,2020-04-16T00:00:00+02:00,2020-04-17T00:00:00+02:00,2020-04-18T00:00:00+02:00,2020-04-19T00:00:00+02:00,2020-04-20T00:00:00+02:00,2020-04-21T00:00:00+02:00,2020-04-22T00:00:00+02:00,2020-04-23T00:00:00+02:00,2020-04-24T00:00:00+02:00,2020-04-25T00:00:00+02:00,2020-04-26T00:00:00+02:00,2020-04-27T00:00:00+02:00,2020-04-28T00:00:00+02:00,2020-04-29T00:00:00+02:00,2020-04-30T00:00:00+02:00,2020-05-01T00:00:00+02:00,2020-05-02T00:00:00+02:00,2020-05-03T00:00:00+02:00,2020-05-04T00:00:00+02:00,2020-05-05T00:00:00+02:00,2020-05-06T00:00:00+02:00,2020-05-07T00:00:00+02:00,2020-05-08T00:00:00+02:00,2020-05-09T00:00:00+02:00,2020-05-10T00:00:00+02:00,2020-05-11T00:00:00+02:00,2020-05-12T00:00:00+02:00,2020-05-13T00:00:00+02:00,2020-05-14T00:00:00+02:00,2020-05-15T00:00:00+02:00,2020-05-16T00:00:00+02:00,2020-05-17T00:00:00+02:00,2020-05-18T00:00:00+02:00,2020-05-19T00:00:00+02:00,2020-05-20T00:00:00+02:00,2020-05-21T00:00:00+02:00,2020-05-22T00:00:00+02:00,2020-05-23T00:00:00+02:00,2020-05-24T00:00:00+02:00,2020-05-25T00:00:00+02:00,2020-05-26T00:00:00+02:00,2020-05-27T00:00:00+02:00,2020-05-28T00:00:00+02:00,2020-05-29T00:00:00+02:00,2020-05-30T00:00:00+02:00,2020-05-31T00:00:00+02:00,2020-06-01T00:00:00+02:00,2020-06-02T00:00:00+02:00,2020-06-03T00:00:00+02:00,2020-06-04T00:00:00+02:00,2020-06-05T00:00:00+02:00,2020-06-06T00:00:00+02:00,2020-06-07T00:00:00+02:00,2020-06-08T00:00:00+02:00,2020-06-09T00:00:00+02:00,2020-06-10T00:00:00+02:00,2020-06-11T00:00:00+02:00,2020-06-12T00:00:00+02:00,2020-06-13T00:00:00+02:00,2020-06-14T00:00:00+02:00,2020-06-15T00:00:00+02:00,2020-06-16T00:00:00+02:00,2020-06-17T00:00:00+02:00,2020-06-18T00:00:00+02:00,2020-06-19T00:00:00+02:00,2020-06-20T00:00:00+02:00,2020-06-21T00:00:00+02:00,2020-06-22T00:00:00+02:00,2020-06-23T00:00:00+02:00,2020-06-24T00:00:00+02:00,2020-06-25T00:00:00+02:00,2020-06-26T00:00:00+02:00,2020-06-27T00:00:00+02:00,2020-06-28T00:00:00+02:00,2020-06-29T00:00:00+02:00,2020-06-30T00:00:00+02:00,2020-07-01T00:00:00+02:00,2020-07-02T00:00:00+02:00,2020-07-03T00:00:00+02:00,2020-07-04T00:00:00+02:00,2020-07-05T00:00:00+02:00,2020-07-06T00:00:00+02:00,2020-07-07T00:00:00+02:00,2020-07-08T00:00:00+02:00,2020-07-09T00:00:00+02:00,2020-07-10T00:00:00+02:00,2020-07-11T00:00:00+02:00,2020-07-12T00:00:00+02:00,2020-07-13T00:00:00+02:00,2020-07-14T00:00:00+02:00,2020-07-15T00:00:00+02:00,2020-07-16T00:00:00+02:00,2020-07-17T00:00:00+02:00,2020-07-18T00:00:00+02:00,2020-07-19T00:00:00+02:00,2020-07-20T00:00:00+02:00,2020-07-21T00:00:00+02:00,2020-07-22T00:00:00+02:00,2020-07-23T00:00:00+02:00,2020-07-24T00:00:00+02:00,2020-07-25T00:00:00+02:00,2020-07-26T00:00:00+02:00,2020-07-27T00:00:00+02:00,2020-07-28T00:00:00+02:00,2020-07-29T00:00:00+02:00,2020-07-30T00:00:00+02:00,2020-07-31T00:00:00+02:00,2020-08-01T00:00:00+02:00,2020-08-02T00:00:00+02:00,2020-08-03T00:00:00+02:00,2020-08-04T00:00:00+02:00,2020-08-05T00:00:00+02:00,2020-08-06T00:00:00+02:00,2020-08-07T00:00:00+02:00,2020-08-08T00:00:00+02:00,2020-08-09T00:00:00+02:00,2020-08-10T00:00:00+02:00,2020-08-11T00:00:00+02:00,2020-08-12T00:00:00+02:00,2020-08-13T00:00:00+02:00,2020-08-14T00:00:00+02:00,2020-08-15T00:00:00+02:00,2020-08-16T00:00:00+02:00,2020-08-17T00:00:00+02:00,2020-08-18T00:00:00+02:00,2020-08-19T00:00:00+02:00,2020-08-20T00:00:00+02:00,2020-08-21T00:00:00+02:00,2020-08-22T00:00:00+02:00,2020-08-23T00:00:00+02:00,2020-08-24T00:00:00+02:00,2020-08-25T00:00:00+02:00,2020-08-26T00:00:00+02:00,2020-08-27T00:00:00+02:00,2020-08-28T00:00:00+02:00,2020-08-29T00:00:00+02:00,2020-08-30T00:00:00+02:00,2020-08-31T00:00:00+02:00,2020-09-01T00:00:00+02:00,2020-09-02T00:00:00+02:00,2020-09-03T00:00:00+02:00,2020-09-04T00:00:00+02:00,2020-09-05T00:00:00+02:00,2020-09-06T00:00:00+02:00,2020-09-07T00:00:00+02:00,2020-09-08T00:00:00+02:00,2020-09-09T00:00:00+02:00,2020-09-10T00:00:00+02:00,2020-09-11T00:00:00+02:00,2020-09-12T00:00:00+02:00,2020-09-13T00:00:00+02:00,2020-09-14T00:00:00+02:00,2020-09-15T00:00:00+02:00,2020-09-16T00:00:00+02:00,2020-09-17T00:00:00+02:00,2020-09-18T00:00:00+02:00,2020-09-19T00:00:00+02:00,2020-09-20T00:00:00+02:00,2020-09-21T00:00:00+02:00,2020-09-22T00:00:00+02:00,2020-09-23T00:00:00+02:00,2020-09-24T00:00:00+02:00,2020-09-25T00:00:00+02:00,2020-09-26T00:00:00+02:00,2020-09-27T00:00:00+02:00,2020-09-28T00:00:00+02:00,2020-09-29T00:00:00+02:00,2020-09-30T00:00:00+02:00,2020-10-01T00:00:00+02:00,2020-10-02T00:00:00+02:00,2020-10-03T00:00:00+02:00,2020-10-04T00:00:00+02:00,2020-10-05T00:00:00+02:00,2020-10-06T00:00:00+02:00,2020-10-07T00:00:00+02:00,2020-10-08T00:00:00+02:00,2020-10-09T00:00:00+02:00,2020-10-10T00:00:00+02:00,2020-10-11T00:00:00+02:00,2020-10-12T00:00:00+02:00,2020-10-13T00:00:00+02:00,2020-10-14T00:00:00+02:00,2020-10-15T00:00:00+02:00,2020-10-16T00:00:00+02:00,2020-10-17T00:00:00+02:00,2020-10-18T00:00:00+02:00,2020-10-19T00:00:00+02:00,2020-10-20T00:00:00+02:00,2020-10-21T00:00:00+02:00,2020-10-22T00:00:00+02:00,2020-10-23T00:00:00+02:00,2020-10-24T00:00:00+02:00,2020-10-25T00:00:00+02:00,2020-10-26T00:00:00+01:00,2020-10-27T00:00:00+01:00,2020-10-28T00:00:00+01:00,2020-10-29T00:00:00+01:00,2020-10-30T00:00:00+01:00,2020-10-31T00:00:00+01:00,2020-11-01T00:00:00+01:00,2020-11-02T00:00:00+01:00,2020-11-03T00:00:00+01:00,2020-11-04T00:00:00+01:00,2020-11-05T00:00:00+01:00,2020-11-06T00:00:00+01:00,2020-11-07T00:00:00+01:00,2020-11-08T00:00:00+01:00,2020-11-09T00:00:00+01:00,2020-11-10T00:00:00+01:00,2020-11-11T00:00:00+01:00,2020-11-12T00:00:00+01:00,2020-11-13T00:00:00+01:00,2020-11-14T00:00:00+01:00,2020-11-15T00:00:00+01:00,2020-11-16T00:00:00+01:00,2020-11-17T00:00:00+01:00,2020-11-18T00:00:00+01:00,2020-11-19T00:00:00+01:00,2020-11-20T00:00:00+01:00,2020-11-21T00:00:00+01:00,2020-11-22T00:00:00+01:00,2020-11-23T00:00:00+01:00,2020-11-24T00:00:00+01:00,2020-11-25T00:00:00+01:00,2020-11-26T00:00:00+01:00,2020-11-27T00:00:00+01:00,2020-11-28T00:00:00+01:00,2020-11-29T00:00:00+01:00,2020-11-30T00:00:00+01:00,2020-12-01T00:00:00+01:00,2020-12-02T00:00:00+01:00,2020-12-03T00:00:00+01:00,2020-12-04T00:00:00+01:00,2020-12-05T00:00:00+01:00,2020-12-06T00:00:00+01:00,2020-12-07T00:00:00+01:00,2020-12-08T00:00:00+01:00,2020-12-09T00:00:00+01:00,2020-12-10T00:00:00+01:00,2020-12-11T00:00:00+01:00,2020-12-12T00:00:00+01:00,2020-12-13T00:00:00+01:00,2020-12-14T00:00:00+01:00,2020-12-15T00:00:00+01:00,2020-12-16T00:00:00+01:00,2020-12-17T00:00:00+01:00,2020-12-18T00:00:00+01:00,2020-12-19T00:00:00+01:00,2020-12-20T00:00:00+01:00,2020-12-21T00:00:00+01:00,2020-12-22T00:00:00+01:00,2020-12-23T00:00:00+01:00,2020-12-24T00:00:00+01:00,2020-12-25T00:00:00+01:00,2020-12-26T00:00:00+01:00,2020-12-27T00:00:00+01:00,2020-12-28T00:00:00+01:00,2020-12-29T00:00:00+01:00,2020-12-30T00:00:00+01:00,2020-12-31T00:00:00+01:00
Hidráulica,"151,481978","159,171675","151,99692100000001","139,873002","126,801179","130,350192","145,618109","148,928277","132,361763","137,100784","111,030224","107,768537","132,610429","126,556491","110,971813","104,292086","97,049244","80,01625299999999","82,743298","108,681961","111,469814","142,70053099999998","139,703137","144,277569","128,129436","98,992667","92,349355","103,275679","101,300016","87,508033","94,23338000000001","83,40529","83,116365","92,119269","85,611592","99,862715","118,542943","131,171837","109,932993","80,278717","92,188166","119,530587","142,504224","100,709683","128,651208","81,63586199999999","63,900889","87,48649499999999","111,92042","119,351088","121,07562399999999","109,200396","100,066605","83,095095","113,258826","77,156075","86,59832899999999","75,49469400000001","90,562228","50,177192000000005","55,708392999999994","88,915025","90,539999","99,901803","89,587042","96,91769500000001","99,99586500000001","96,90237300000001","115,787193","127,37282499999999","130,960951","131,31583799999999","112,82231","111,531485","80,572796","103,072642","103,090833","133,250717","123,018368","118,417164","107,91616099999999","100,837184","108,696302","103,131106","124,208863","82,568196","103,648203","103,027671","50,371233000000004","57,349771000000004","62,625326","88,548545","76,169984","80,40746700000001","48,63784","50,672419999999995","80,473535","83,029207","78,351371","67,38083900000001","65,035081","69,584334","59,167790999999994","67,601495","79,429507","76,980675","81,091469","99,92647","108,53985300000001","105,32470500000001","106,31842200000001","120,211379","122,176715","150,029791","146,491697","135,543329","132,55819699999998","146,605607","134,375176","110,96573","90,745981","73,20914200000001","93,726338","87,496447","81,710026","126,322484","132,321032","117,851691","108,69278","95,552021","84,863512","94,38169599999999","140,041483","134,167973","105,041032","103,657594","90,886172","81,866827","90,72605499999999","79,951037","80,184821","91,183296","102,47735899999999","67,321969","64,920638","71,125818","62,89119","68,696804","79,98509200000001","99,31181600000001","77,83944","71,856485","104,34758599999999","110,182691","90,673531","84,25501399999999","84,647684","66,94717200000001","61,66759","63,522949999999994","73,474734","77,728275","61,803296","68,455699","63,364306","59,629314","72,44984600000001","74,560412","82,445566","75,68849800000001","73,502581","56,689605","51,264222000000004","70,023171","87,63235499999999","73,74471799999999","84,39116499999999","84,370303","69,425274","65,40991","80,600645","93,524645","89,48649499999999","74,49601799999999","51,459579","45,789129","45,433138","55,162235","62,477379","62,36301","57,596744","51,673860999999995","48,389354","39,57411","53,600821","52,737756999999995","51,933483","52,532964","54,668216","49,854035","42,86594","57,393128","49,645007","59,409995","63,056385","59,804024","51,60185","50,107416","73,27332399999999","76,274469","80,24749700000001","77,743088","97,38457700000001","61,987314","53,027777","67,069269","61,829668","70,330238","69,133207","68,807151","50,318086","47,474371","64,13127300000001","64,270443","63,471445","73,559364","66,750064","34,340523999999995","31,284106","63,008555","68,065882","59,489202","58,537132","68,27067600000001","57,50346","43,308217","70,30099899999999","77,880082","85,15135400000001","95,261383","63,527481","38,796642","38,84585","53,785629","62,779233","59,26766000000001","63,733187","58,355728000000006","45,583552000000005","35,307396999999995","42,046527999999995","49,600894","65,52686800000001","60,177434999999996","60,773579","42,884798","40,817288999999995","65,825854","78,854783","86,57517200000001","60,834826","54,747268","44,90861","43,760580999999995","66,995517","78,64205199999999","73,37121400000001","53,985431","40,005117","35,501931","38,938557","46,60798200000001","57,245472","58,041854","43,587103000000006","42,69082100000001","41,737579","42,133345","46,840309999999995","53,998453999999995","60,059943","66,330896","67,38544","40,389300999999996","35,682481","41,895325","65,63361900000001","65,570408","74,45606699999999","80,613772","85,225781","75,420151","42,72049","58,032871","57,124230000000004","85,55401300000001","75,213676","52,021977","49,230347","68,544414","69,07309","85,64769199999999","88,90461","82,950826","61,140809000000004","55,358452","78,445065","72,820316","77,727248","70,669371","68,157529","70,824922","73,983186","107,842745","118,942622","93,20600900000001","97,441636","96,320547","70,917132","48,815526","88,10955499999999","93,113912","78,676352","71,62709699999999","63,938972","62,255294","55,067381000000005","94,275587","97,039888","92,156177","90,168619","103,739429","86,589227","82,00535099999999","103,07846","82,596062","78,22831500000001","90,50028200000001","85,911292","69,357535","52,976296000000005","48,593475","70,034964","109,339235","105,892003","99,120652","96,479671","107,101756","121,696","125,79522999999999","141,336579","161,650685","141,155902","122,701646","123,834614","131,561248","119,484053","122,081594","96,45824800000001","71,799475","84,078786","76,959875","82,643096","109,972477","135,21631200000002","127,726536"
Nuclear,"170,55265400000002","170,54796599999997","170,57417","170,642767","170,645456","170,65134099999997","170,602231","170,58345699999998","170,593626","170,62480100000002","170,60872899999998","170,593607","170,688587","170,80913800000002","170,794971","170,804384","170,846669","170,794414","170,783602","167,83956400000002","170,732226","170,856752","170,777422","170,688352","170,793378","170,888033","170,83990400000002","170,72082500000002","170,766845","170,752698","170,74745499999997","166,156846","165,86566699999997","170,580284","170,18588200000002","170,455849","170,677349","170,723459","170,800135","170,79429000000002","169,22386799999998","166,78438","170,47394699999998","170,396011","170,58344","170,581796","170,602518","170,594341","170,592293","170,702326","170,55396100000002","170,63361799999998","170,63191500000002","170,616838","170,539435","170,517262","170,592256","170,627409","170,416305","123,779344","121,341568","142,237676","170,30204500000002","170,672592","170,756139","170,802191","170,82070199999998","170,813082","170,733127","170,647403","170,537103","170,349494","170,440582","170,41199600000002","170,36138699999998","170,43283","170,435022","170,589025","170,56610500000002","170,618598","170,641417","170,624618","170,431634","170,04156899999998","169,890313","169,623761","169,438549","169,253359","153,185091","160,170335","167,775802","167,675102","167,283052","166,85073300000002","125,36341","121,322255","132,801533","136,985955","137,70382","137,35968100000002","136,971576","136,666635","136,248347","150,06760999999997","155,290184","141,74923800000002","141,799747","141,890295","141,65621","141,646431","141,40793299999999","141,318008","141,09167000000002","140,84374499999998","132,69510200000002","132,60294","132,33592199999998","119,713504","104,90704","91,303171","90,05394","90,110905","89,953548","89,177886","96,691079","104,27449899999999","104,335866","104,373236","104,276695","104,255439","104,37831200000001","104,58770200000001","104,519986","104,347597","104,407391","104,477949","104,598833","105,77899400000001","94,48709699999999","97,576889","97,58381600000001","97,42057700000001","97,345493","97,30465099999999","97,21847500000001","97,207387","97,12578599999999","96,963761","96,595086","96,630061","96,684645","94,26812","93,961772","97,775113","103,17078599999999","114,01405100000001","120,344832","121,302176","121,437797","121,526381","121,538475","121,460218","116,076807","115,681095","115,642492","115,54594999999999","114,87080499999999","115,494174","120,628919","119,98842900000001","119,840068","124,449599","138,470776","124,934451","119,322538","119,15699400000001","119,19355800000001","119,603386","116,029491","134,224504","150,462882","165,232767","166,751407","166,919916","167,614522","168,059935","167,80262299999998","167,586444","165,272884","166,398235","167,59136600000002","167,45124900000002","158,024587","160,12580499999999","166,490682","166,92910999999998","167,133535","167,219201","167,258656","167,23103400000002","167,098462","167,132511","166,842954","166,96215","166,981279","166,751232","166,793484","166,56888899999998","166,512731","165,937131","166,59151500000002","166,541699","166,43062700000002","165,941114","166,462617","166,884288","167,068533","166,938783","166,755235","166,72403","166,592704","166,425502","166,52101199999998","166,445399","166,816562","166,546291","166,640871","166,590107","166,901127","166,475666","166,75615100000002","166,903279","166,33447099999998","162,22482300000001","159,03050399999998","166,401321","166,717512","166,534263","166,306372","165,651389","165,861559","166,683333","167,297925","166,484679","157,180601","139,875946","149,594718","162,177525","140,845401","142,403123","142,79502","158,04594699999998","167,15657099999999","167,184103","167,12940799999998","166,96394800000002","166,850596","166,80409","166,779942","166,877565","166,69860699999998","166,97214000000002","166,977466","167,465801","167,69920199999999","167,313642","167,317411","166,73171299999998","167,329166","167,649693","167,889972","167,85233499999998","167,708682","166,939068","160,52645800000002","157,933375","144,628649","135,79695999999998","141,387054","145,40363","145,27041","145,267824","144,793149","144,86672099999998","145,196406","145,422706","145,45799","145,601044","145,65534","145,702314","145,57369","145,648516","145,60758900000002","145,597705","145,581537","145,64717499999998","145,63767800000002","145,674555","151,445202","145,80439","145,93498499999998","145,853277","145,833384","145,80445699999999","145,722296","145,71262299999998","145,62878899999998","145,364634","145,237215","145,159156","145,22189600000002","145,346577","145,33252","145,289769","145,409846","145,707255","145,597597","145,277013","145,269283","145,225051","145,197671","144,437617","150,162609","158,53690799999998","163,955245","169,593136","169,83973999999998","169,903741","170,058922","169,837284","169,211576","169,663536","169,415853","169,67612599999998","169,431315","168,506813","167,30349900000002","170,30722500000002","170,019787","170,185189","170,080934","160,723204","166,43308199999998","170,156861","170,61533","170,691019","170,847645","170,871499","170,81189600000002","170,360272","170,708335","170,71021","170,44201999999999","170,79601399999999","170,770787","170,79993599999997","170,73017199999998","170,82849","170,81423900000001","170,80555900000002","170,820778","170,818318","170,807028","170,86075","170,919756","170,98556299999998"
Carbón,"8,634057","13,528944","15,005647999999999","14,957816000000001","19,109375","15,556648","22,965583","28,288323000000002","27,335091000000002","34,561865","34,701108","34,886803","36,505671","23,060211","26,064790000000002","30,503207","33,471248","26,726710999999998","20,810452","28,795317","27,821473","27,942786","45,923403","47,491696000000005","41,291878","22,964568","22,712407","35,331528","36,512305999999995","31,104982","31,321109","19,965649000000003","23,395526","33,835457000000005","35,484671","27,638002","35,425284","40,255265","38,0072","29,060595000000003","33,750589","40,291084000000005","40,64599","35,345672","26,133436000000003","20,519864000000002","20,934802","25,643082999999997","28,665563","29,722881","28,805123","27,497473000000003","23,091518","23,442490000000003","23,215089","24,515279999999997","25,668771","27,527765","22,786313","10,031346","9,872558000000001","13,756191000000001","14,057041","13,145776","15,20651","14,799200999999998","14,672048","10,538807","28,712764","24,072482","23,248596000000003","16,704974999999997","16,823583","17,488211","18,740813999999997","18,662777","17,148677","17,156303","16,93471","17,357174","14,878176","14,662583","14,909607","14,967621","14,916064","10,802386","10,113446","7,919891","9,760845","11,614991","11,137728","14,030561","13,58186","13,554517","13,55128","13,612718999999998","13,741567","13,748287","13,8635","13,915394000000001","13,909747","13,921071","13,959033","9,359096","6,908854","9,318521","5,219037999999999","5,6788490000000005","9,512191000000001","9,313765","9,418786","9,572246999999999","9,916517","9,420803","9,508735","7,72994","3,322824","7,838394","7,720256","5,042365","4,948954","-1,038624","2,288557","4,903109000000001","9,01305","6,6619909999999996","9,464575","9,45441","9,417050999999999","13,429007","7,665809","9,577962","9,634713","9,551101000000001","5,003045","5,0950940000000005","7,902125","3,339402","7,788977","9,6225","10,820197","10,762773","9,664796","7,964925","5,325106","5,047775","5,019862","7,631633","10,600463","10,479700999999999","10,460942999999999","10,211452","11,085798","12,735411000000001","14,37504","14,081467","10,496426","8,903797","9,428336999999999","11,556436","16,445572","22,672465","16,676131","8,957877","7,143351","8,205495","14,378305000000001","12,408066999999999","9,635856","9,646477999999998","9,645513000000001","9,631449","9,311424","11,706890999999999","9,765799999999999","10,375186","15,551459999999999","18,020466","12,520767","10,967551","12,117432","13,013344","12,147698","12,409867","12,44952","10,829016","9,897768","8,168307","6,98344","6,592333","9,313574000000001","9,872712","5,525123","5,376291","6,815562","6,925316","6,709143","7,185573000000001","6,900448","9,868861","10,370137000000001","5,873207000000001","5,797071","7,237081","11,992164","11,894289","10,685661","14,52257","17,746741","11,266888999999999","11,104278","14,863123","14,445029","9,811151","9,843985","13,302298","15,603482","13,425332000000001","13,293256","12,543966000000001","10,231984","9,883942999999999","10,791735000000001","9,789584000000001","11,451889","11,633082","11,393697","10,02987","9,857252","11,267307","8,030386","6,568682","8,802822","9,464874","10,190434","10,126284","11,043912","11,107555","11,935468","13,256425","11,123689","10,413544","9,976062","10,971794","10,848753","11,121233","11,110355","10,958829","5,45071","5,379276","5,513418","8,436097","14,859629","17,483763","14,014942999999999","9,875248","10,599186","12,241736000000001","12,801866","13,328672000000001","13,673839","13,560836","11,86066","11,774536","14,054949","14,477629","12,125373999999999","11,52918","10,933305","12,012449","11,417397000000001","12,937156000000002","13,275784","13,37313","10,857194","8,825284","7,760429","7,853925","10,563276","9,334815","13,596343000000001","13,742734","13,32567","8,080366","8,339638","10,749035","12,261196","12,303152","12,027754000000002","11,905208","10,808117","10,643148","8,731127","8,387991","11,587067","11,771951999999999","10,063062","5,882923","6,355273","5,312463","5,392634","9,767349","9,933833","9,959375","8,357995","11,236949000000001","9,909970999999999","11,620593000000001","11,039346","6,194640000000001","10,917245999999999","7,742818000000001","5,77028","9,679289","11,738927","8,006288999999999","11,115356","11,516637000000001","5,676155","8,215123","10,738597","12,914597","10,463451","13,060227999999999","10,551185","11,392301","11,947897000000001","16,849583","19,128486000000002","19,327192999999998","19,114222","17,38785","13,341647","12,601831","15,670013999999998","15,208036","14,968411","14,062018","13,060608","10,319741","12,856389","10,061919","13,945159","12,035707","10,414602","10,327654","9,583154","3,549422","8,450091","9,653075999999999","13,785236000000001","15,596326","10,021038","8,609468999999999","7,559424","8,022924","8,240853","8,71603","6,7076970000000005","6,4917489999999995","6,197671000000001","5,961778000000001","5,960844","7,959433","6,002643","5,7359089999999995"
Fuel + Gas,-,-,-,-,-,-,-,-,-,-,-,-,-,-,-,-,-,-,-,-,-,-,-,-,-,-,-,-,-,-,-,-,-,-,-,-,-,-,-,-,-,-,-,-,-,-,-,-,-,-,-,-,-,-,-,-,-,-,-,-,-,-,-,-,-,-,-,-,-,-,-,-,-,"0,000001",-,-,-,-,-,-,-,-,-,-,-,-,-,-,-,-,-,-,-,-,-,-,-,-,-,-,-,-,-,-,-,-,-,-,-,-,-,-,-,-,-,-,-,-,-,-,-,-,-,-,-,-,"-0,000001",-,-,-,-,-,-,-,-,-,-,-,-,-,-,-,-,-,-,-,-,-,-,-,-,-,-,-,-,-,-,-,-,-,-,-,-,-,-,-,-,"-0,000001","0,000001",-,-,-,-,-,-,-,-,-,-,-,-,-,-,-,-,-,-,-,-,-,-,-,-,-,-,-,-,-,-,-,-,-,-,-,-,-,-,-,-,-,-,-,-,-,-,-,-,"-0,000001",-,-,-,-,-,-,-,-,"0,000001",-,-,-,-,-,-,-,-,-,-,-,-,-,-,-,-,-,-,-,-,-,-,-,-,-,-,-,-,-,-,-,"-0,000001",-,-,-,-,-,-,-,-,-,-,"0,000001",-,-,-,-,-,-,-,-,-,-,-,-,-,-,-,-,-,-,-,-,-,-,-,-,-,-,-,-,-,-,-,-,-,-,-,-,-,-,-,-,-,-,-,-,-,-,-,-,-,-,-,-,-,-,-,-,-,-,-,-,-,-,-,-,-,-,-,-,-,-,-,-,-,-,-,-,-,-,-,-,-,-,-,-,-,-,-,-,-,-,-,-,-,-,-,-
Motores diésel,"6,225581","7,044773","7,882421","7,27096","6,657907","6,117604","7,478715","7,32994","7,29374","7,511701","7,681125","7,534253","7,75061","8,222745999999999","8,236271","8,026247","7,966062","7,593989","6,588331","7,296562","7,955965","8,338223","8,589298000000001","8,412652","8,127719","7,588436","7,8921589999999995","7,865551","7,941661","8,116507","7,881252000000001","7,200299","6,981078","7,366595","7,338329","7,53338","8,190443","8,185572","7,107169","6,8307340000000005","7,424423","7,638434","7,6500010000000005","7,773549","8,087589","7,2033249999999995","6,565344","6,6448100000000005","6,616036","6,753344","7,293334","7,83986","7,256219","6,7699750000000005","8,231727000000001","6,759399","6,90899","7,060975999999999","8,086773","6,402629","6,1771210000000005","6,379079","5,931258","6,549227","6,289011","6,158786","5,962002999999999","5,996652","6,76704","6,828272","7,236669","7,027761000000001","6,500376","6,641502","6,082043","5,402048","4,972556","5,481524","5,107257","5,059489999999999","5,223187","5,336457","5,1474210000000005","4,69238","5,5149989999999995","5,573461","5,263255","5,463166","5,201487","5,1938580000000005","5,796722","5,486355","5,656511","5,09689","5,5160420000000006","5,523415","6,001116","5,835778","5,435752000000001","5,063148","4,840486","5,154246","5,729006999999999","6,2218","6,065531","6,1572629999999995","5,667542","6,056209","5,539289","4,989435","5,291307","4,878544","5,057505","5,44022","5,38659","5,308552","5,887992000000001","6,285718","5,842666","5,649979999999999","5,139061","5,107127","5,780405","5,759817","6,140133","5,77751","5,851011000000001","5,7168909999999995","5,809994","5,873906","5,398765999999999","6,176405","6,1530510000000005","5,877832000000001","5,7633469999999996","6,112426999999999","5,339878","5,031524999999999","5,193128","5,180487","4,820971999999999","5,003633","5,372251","5,213807","5,439629","6,50294","6,400625","6,396414","6,725189","6,396479","6,0877229999999996","5,640613","6,531933","5,977917000000001","6,092878","6,549898","5,676298","5,483045","5,372783","5,6568130000000005","5,160586","4,917122999999999","5,6440850000000005","6,213132","6,173779000000001","5,585039","6,063367","6,668501","6,738826","6,437705","5,311926000000001","5,077202000000001","4,631362","5,506016","5,915743","5,912387","5,307526","5,296392","5,152489999999999","4,836475999999999","5,930631999999999","6,377912","6,309023","5,780165","6,058559","5,447082","5,478431","6,691193","7,340042","7,027845","6,514977","6,292442","6,149020999999999","5,868067","6,547845000000001","6,442171999999999","6,032872","7,106645","7,795767","6,710177","6,4385900000000005","6,909243","7,457549","7,143622000000001","7,309529","7,232442","6,845793","6,753712999999999","7,906059","7,4353810000000005","7,535654","7,653289","8,829578999999999","8,833375","7,606622000000001","7,9636260000000005","7,191309","7,604973","7,517349","8,253084999999999","7,5297030000000005","7,093041","8,142022","8,150341000000001","7,852134","7,777627000000001","7,492989","6,718109","6,9494549999999995","7,491941","7,417404","8,387045","8,607146","8,710536","7,721286","7,1335429999999995","8,277576","8,159281","8,971148999999999","9,332103","8,346554","7,7184","6,633979999999999","7,204517","7,126782","7,915252000000001","7,058134","7,534403","7,824293","7,134877","8,271042","7,859357","6,749268","7,546615","7,341153","7,19808","6,304483","6,973286","6,17129","6,461768","6,745319","6,444209","6,497698000000001","6,132881","7,5358670000000005","8,035783","7,530076","7,740654","6,772654999999999","6,328778000000001","5,710704","6,600553","7,222429","7,436573999999999","5,624695","6,0835420000000004","6,150217","5,517863999999999","5,922632999999999","6,340051000000001","6,741004","7,06279","6,354754","6,3084430000000005","5,986339","6,253558","6,7044809999999995","6,532858","6,348712000000001","6,09293","6,460100000000001","6,272871","6,822539","5,922515000000001","6,723993","6,537615","6,087103","5,470886","5,530178","5,379473","5,269763","5,513997000000001","5,745323999999999","5,788075","5,788787999999999","5,218672","6,3914480000000005","6,210688","6,670310000000001","6,621761","6,417331","6,846654","6,36541","6,1464300000000005","6,152406","6,8230889999999995","6,96021","7,187936","7,143956","6,787053","7,441848","7,17466","7,059917","6,367603","6,654468","6,357609","6,188757","6,409712000000001","6,681353","6,388421999999999","6,228539","6,568657","6,704902","6,205977","6,038991","6,527921","7,154701","6,367197","6,615804","6,438699","5,611499","5,73265","5,965459","6,690593","6,248919","6,691184","6,324396","6,574089","6,055631999999999","6,969371","6,779324","6,136896","6,6447899999999995","6,606980999999999","6,5145100000000005","7,178547","6,815691","6,636168","6,433123999999999","5,53535","6,772766","6,4340720000000005","6,65782","6,512391","7,041296999999999","7,513204"
Turbina de gas,"0,85149","2,000373","1,463308","1,013758","0,793334","1,234785","1,528138","1,966952","1,801299","1,6942190000000001","1,380933","1,198843","1,751269","1,3312190000000002","1,1154849999999998","1,046538","0,754866","0,780369","0,587839","1,094638","1,694438","1,6051710000000001","1,053537","0,923415","1,114047","0,81933","0,953809","1,054353","1,463625","1,4941099999999998","1,3667989999999999","0,561458","0,722996","1,873907","2,2449369999999997","2,53363","1,810262","1,496239","0,9907809999999999","0,6050099999999999","1,470698","2,2171060000000002","1,858504","1,738715","1,569377","0,639903","0,67249","1,0949280000000001","1,463346","1,291525","1,013548","1,036693","0,608482","1,479233","1,558463","1,457028","1,4631489999999998","1,517999","1,674502","0,5938450000000001","0,515152","1,5837139999999998","1,626847","1,578589","1,298212","1,482982","0,837951","0,892578","1,8098299999999998","1,9190099999999999","1,7511189999999999","1,266872","1,076349","0,929236","0,894923","0,8930560000000001","0,9893390000000001","0,930698","0,9957440000000001","0,793944","0,56424","0,867678","0,597252","0,7390410000000001","0,5791069999999999","1,54683","0,475536","0,361382","0,1951","0,587234","0,5621499999999999","1,432382","1,892654","0,70363","0,5634020000000001","0,645914","0,59977","0,650281","0,333195","0,217012","0,206636","0,361917","0,363245","0,953802","0,575351","0,49487000000000003","0,42597","0,5228780000000001","0,196231","1,2055740000000001","0,40945800000000004","0,330986","0,221887","0,276899","0,340157","0,2975","0,317239","0,275704","0,36476600000000003","0,318986","0,218405","0,223276","0,286767","0,18347","0,369962","0,222002","0,243371","0,558747","0,447681","0,289668","0,24366300000000002","0,372307","0,404714","0,740184","0,695948","0,353103","0,313096","0,508348","1,332333","1,530439","1,001288","0,606385","0,264983","0,46453","0,551625","1,351622","1,2584179999999998","1,805513","1,29853","0,523809","0,218592","0,279935","1,000678","0,806136","1,500525","0,982037","0,5591520000000001","0,46757499999999996","0,471163","1,198784","0,425998","0,925044","1,367048","0,762616","0,5379149999999999","0,438772","1,437301","1,466164","1,776488","1,211657","0,35521800000000003","0,320715","0,30475599999999997","0,940029","0,626741","0,351224","0,7488619999999999","0,7618210000000001","0,537079","0,5055350000000001","0,702151","1,180997","1,43983","1,129291","1,231876","1,3185429999999998","1,1936959999999999","1,8639700000000001","2,118966","1,3345060000000002","1,060065","1,343827","1,0471389999999998","0,9072169999999999","1,571272","1,5589169999999999","3,244494","1,893425","1,740635","1,2239369999999998","0,8019980000000001","1,214458","0,918414","1,432518","1,479977","1,421194","1,0726980000000002","0,746106","1,202126","2,305855","2,942103","3,222887","2,771277","1,929726","1,248119","1,3170160000000002","2,034173","2,5687539999999998","2,914634","2,680598","2,117759","1,5292970000000001","2,002084","2,2963090000000004","1,911219","1,746748","2,426665","1,342451","0,9411280000000001","1,502979","1,841205","1,6768109999999998","2,099356","2,136568","1,5850050000000002","1,1875689999999999","1,712288","1,293854","1,7449400000000002","1,716389","1,502446","1,783992","0,40930700000000003","1,311666","1,5117850000000002","1,145575","1,4368800000000002","1,352545","0,8411799999999999","0,552791","1,548115","1,132194","1,92732","2,1474830000000003","1,47755","1,3934069999999998","1,02013","0,965774","1,03886","1,602038","1,20421","1,547838","0,7676710000000001","0,641299","1,83599","1,434041","1,4375920000000002","2,380449","0,8780309999999999","0,369663","0,209052","1,119742","0,991047","0,970342","1,449836","0,911538","0,70765","1,065885","1,5901500000000002","1,116552","1,579766","1,53848","1,3448769999999999","0,257543","0,09034600000000001","0,577418","1,51048","2,046907","1,961971","1,771069","1,062876","0,9883569999999999","1,4213209999999998","1,8901880000000002","1,857296","1,815727","1,233177","0,154331","0,614621","1,62506","2,2996570000000003","2,233674","1,955176","2,009626","0,900103","0,6671549999999999","0,737622","0,71204","1,657854","1,586429","0,994681","0,600495","0,416082","0,551388","0,8859640000000001","1,2826030000000002","1,266837","0,45844","0,545682","0,284555","0,7826420000000001","1,2991210000000002","0,945579","1,040337","0,8471920000000001","0,432719","0,173534","1,283001","1,9055","1,702539","1,3446289999999999","1,10302","1,358074","0,767304","0,930673","0,984402","0,963708","1,000804","0,922409","1,088845","0,639422","0,745077","0,793394","1,2577360000000002","0,645081","0,778671","0,498196","0,842898","1,684708","1,910995","1,63862","1,112951","1,527317","0,615801","0,39665","1,005634","0,832912","0,691528","0,498745","0,21798599999999999","0,5221910000000001","0,499269","0,760413","1,020269","0,968776","0,5632590000000001"
Turbina de vapor,"3,941224","5,274673","5,062362","4,188995","3,9586230000000002","3,922173","4,840434","4,613076","3,808411","4,493461","5,4370519999999996","5,251515","5,2560590000000005","5,273567","5,354658000000001","5,34453","5,162482","4,394921999999999","3,417299","4,32246","5,433751","5,35028","5,3714390000000005","5,0342","4,561603","4,147609999999999","4,254529000000001","4,811029","4,514539","5,130376","4,991186","3,48536","4,510877000000001","5,622464","5,183076","5,689821","5,5587","5,396841","4,211335","4,073047","4,760925","5,604449","5,025234","4,766575","5,2327129999999995","3,801317","3,91196","4,628708","3,127148","2,940201","3,3078760000000003","4,840542999999999","4,121955","4,412149","4,424934","3,680366","3,1092310000000003","4,200556","5,094107","3,626679","3,5997109999999997","4,096946","3,69259","4,069847","3,055728","3,2925999999999997","3,4797089999999997","3,690493","4,988954","4,934168","5,139814","4,908047","3,8299499999999997","3,640837","2,588413","2,4780369999999996","2,455029","2,81015","3,504949","3,829308","4,020933","4,225658","3,335701","3,6153020000000002","3,749483","4,022067","3,891913","3,21992","3,4861779999999998","3,4864520000000003","2,909836","2,555093","2,43052","2,396561","2,629522","2,862963","3,09038","2,9304360000000003","3,077906","2,5168069999999996","2,551814","3,488195","3,920462","4,561839","4,114529999999999","4,368078000000001","3,829893","4,431575","3,3272489999999997","2,657824","3,041938","2,882313","2,40677","2,56152","2,821548","3,387315","3,586513","4,429085","3,72077","4,467082","3,876823","3,710766","4,022119","4,231107","4,718876","3,576998","4,287854","4,465403","4,018994","4,234814999999999","3,875817","4,402481","4,554187","4,357748","4,4873389999999995","4,415572","3,065659","2,592634","3,147608","3,83323","3,912404","4,242481","3,791688","2,767749","2,7406449999999998","3,181693","3,746792","3,684234","2,922656","3,481944","3,0862249999999998","2,510735","2,868423","2,644054","2,958471","3,5917660000000002","2,7310700000000003","3,2489","2,8027849999999996","2,5859609999999997","3,002498","2,346984","3,5790129999999998","3,6187","2,9624200000000003","2,410782","3,7335979999999998","3,4967040000000003","4,147392","3,592757","2,31647","2,453688","2,270596","2,590578","2,210131","2,351645","2,0953910000000002","2,101143","2,081026","2,044538","2,131886","2,326773","2,549042","2,78771","2,800556","2,8958049999999997","3,458332","4,716208","5,418305999999999","4,356746","3,558697","3,947342","3,3115189999999997","3,728285","3,867875","4,409082000000001","2,558748","3,760537","5,068608","4,29838","3,730248","4,376869","3,634755","3,6117049999999997","3,5569520000000003","4,188201","3,792999","3,28056","3,565414","3,386839","3,248919","2,855962","3,610929","3,541411","3,646382","3,767915","3,917866","5,980066","6,034822","5,4945129999999995","4,274329","4,302718","3,7969630000000003","3,4354769999999997","3,312601","3,356096","3,727778","3,155155","3,176286","3,630516","4,667372","4,962596","5,021731","4,907019","3,478848","3,425595","3,539662","4,414642","5,880298","4,8776980000000005","3,3251","2,909382","3,297497","4,454252","5,6185730000000005","4,610524000000001","4,363868","4,821005","4,755395999999999","3,576947","3,40022","3,8186999999999998","3,9791790000000002","4,361415","4,9002479999999995","4,01728","3,222593","2,925748","2,740059","3,269776","3,947368","2,828757","1,49977","1,8744290000000001","2,524414","2,311549","2,6894699999999996","1,668175","1,482918","1,6991969999999998","1,9830340000000002","2,80516","3,5397109999999996","3,1612109999999998","2,8475129999999997","3,245211","4,135572","4,123533","4,577012","4,1119449999999995","4,407317","4,409607","4,1291899999999995","3,2339510000000002","3,356204","4,677131999999999","5,0794880000000004","4,640044","4,101835","4,749649000000001","5,147144","4,280349","4,802344","3,674549","5,272512","3,9609360000000002","3,2176750000000003","2,969717","3,659427","3,806447","4,421968","4,120646","4,294158","4,740206","4,021219","3,52286","3,7886309999999996","3,485185","3,5197040000000004","3,946234","4,289651","4,581265999999999","3,858832","3,641856","3,927868","3,342648","3,57905","4,425562","3,64296","3,706329","4,554328000000001","4,623639","4,7941530000000006","3,597928","5,232813","4,481088","4,220906","4,970454","5,077345","3,87924","3,97219","4,062824","3,449102","3,721655","3,7187759999999996","3,471143","4,441470000000001","4,008249","3,60843","3,8053820000000003","3,465745","3,3016959999999997","3,51538","3,8476239999999997","3,03089","3,4367170000000002","3,8822710000000002","4,350233","4,441416","2,64431","3,0791720000000002","2,463692","2,50177","2,563411","2,495917","3,551631","4,429635","3,7792730000000003","3,804245","3,343494","3,59652","3,362205","4,09444","3,5363580000000003","4,06686","3,81265"
Ciclo combinado,"119,85063099999999","146,487644","121,440647","85,075701","88,25711100000001","105,27055899999999","173,583019","167,533096","138,267108","111,136798","116,917969","127,04078999999999","157,49134700000002","96,17672400000001","121,27413899999999","109,326594","112,38155400000001","86,97493300000001","54,644870000000004","87,207418","133,952973","174,276621","205,541212","210,318037","145,516904","98,796558","119,045523","113,723788","121,34172","106,672531","100,593824","58,414949","56,128443","114,003424","96,459291","108,863493","120,758634","125,827892","105,64846899999999","68,554238","76,07358599999999","124,817312","150,502117","122,66982","142,214279","90,71141800000001","56,002317000000005","96,211899","126,359845","139,140869","126,537836","130,117151","111,546982","93,43173399999999","132,085005","63,264553","66,186799","67,601621","84,49001","38,990185","37,546676","39,071174","42,189910000000005","64,028453","39,737915","35,372061","50,330726999999996","48,025233","58,721151","66,34657899999999","96,69058199999999","98,960424","79,63206299999999","87,30206299999999","67,299527","47,681053","39,370748","49,532506","49,262709","56,629726999999995","68,183171","69,76435799999999","67,273709","66,76748699999999","68,58680100000001","50,929976","66,555159","72,859024","65,458715","79,605103","80,96846000000001","87,057565","84,105041","91,48836800000001","82,739916","84,483425","95,600676","89,33921799999999","85,537696","94,529864","103,78987","84,32540300000001","84,336275","83,508275","68,28805100000001","66,939193","53,933517","49,928470999999995","67,138591","70,678994","54,539317000000004","54,26688","58,033964","59,171103","60,132743000000005","73,81885000000001","75,706443","64,278545","56,025329","44,731254","39,060623","57,941407","74,30550699999999","81,238663","58,594209","58,703307","67,615464","61,031919","58,780855","83,778148","70,28986599999999","54,534618","77,84349","77,023196","63,553618","54,975718","63,200203","74,170841","81,357588","91,13563","97,251578","99,79249300000001","101,839623","67,790068","57,760053","90,673739","76,470106","91,67129399999999","112,55765099999999","128,051219","96,737749","109,775478","149,539975","154,037506","161,182185","101,630407","119,345104","114,387113","81,729213","110,51103900000001","119,054348","127,415944","87,85232","59,855932","81,25665","99,773373","148,129152","162,45659799999999","170,236604","156,813556","149,91744500000001","134,718424","102,648758","140,87527799999998","161,635697","165,103308","178,543988","166,895883","139,124581","134,516526","157,697176","169,644126","190,085791","199,06955","194,50149299999998","139,37577299999998","130,726408","176,510335","220,833057","242,797001","269,98440500000004","224,34041699999997","139,084517","128,507769","174,841489","178,088826","178,593201","206,386001","204,658356","200,641261","176,69841699999998","212,293773","235,303653","261,97375","270,79773100000006","227,269756","182,594548","162,403914","208,457006","226,63553","233,646975","256,11326199999996","264,604838","182,182464","142,256789","176,91389999999998","197,69672200000002","210,640655","205,30769899999999","201,359487","189,434706","168,453017","204,77903899999998","209,41076199999998","210,62760999999998","226,39316","204,917133","130,447803","111,89947500000001","174,763958","196,36021499999998","146,57220800000002","160,863095","170,06168100000002","151,062228","118,63551600000001","192,828664","212,67079800000002","245,345315","250,146711","169,02892","102,14069","91,439038","174,62901399999998","221,24819399999998","186,842088","199,099814","186,52371599999998","131,962595","100,036293","117,935201","157,655113","201,60926999999998","198,807296","205,66648","130,296723","124,355526","196,042668","227,61423499999998","252,14479999999998","214,431176","171,17978200000002","118,77383400000001","119,53841800000001","218,02525","226,32422599999998","191,81133400000002","131,728345","72,14884699999999","51,114123","61,619098","145,76177600000003","221,582345","196,8104","113,452727","46,750405","41,061761","42,897029","88,257453","105,934939","159,74352199999998","173,884816","190,56927299999998","70,577178","61,601836999999996","75,28354700000001","120,56573900000001","90,37246","116,51432700000001","153,87593900000002","122,66686100000001","97,483979","88,58151600000001","88,98046799999999","101,656629","153,47934400000003","119,80729099999999","56,287375999999995","49,471072","82,70382099999999","90,744192","125,446968","155,470198","137,25766000000002","63,663911999999996","64,783136","100,254071","93,72769","102,389561","69,509379","57,750858","76,013809","69,94359200000001","155,775067","185,898638","110,26774800000001","147,452111","147,305791","90,710473","61,315458","149,689219","153,56820000000002","144,936257","110,86001399999999","83,32486","84,40089599999999","120,04850900000001","180,185192","180,76522200000002","167,96290900000002","137,151298","182,848707","155,16817","143,54203099999998","170,965724","146,867198","124,904751","134,833177","122,55600199999999","91,53861500000001","82,016064","61,761229","66,16157799999999","133,037623","88,918309","56,087002999999996","50,761949","85,958611","136,51173","134,37477900000002","148,121937","185,043709","141,145584","100,959628","77,71922199999999","121,01040300000001","105,103119","107,17876700000001","84,731982","66,11465","56,480447999999996","49,969783","41,350426","56,28648200000001","106,774621","74,338216"
Hidroeólica,"0,025172","0,021047999999999997","0,021957","0,014807","0,020221","0,048745","0,057543","0,051217","0,083063","0,083152","0,07385599999999999","0,040872","0,01952","0,037667","0,015526","0,0029289999999999997","0,0062050000000000004","0,005038","0,012926","0,067371","0,024104","0,008135","0,006731","0,01086","0,019093","0,012464000000000001","0,012127","0,0002","0,000764","0,012259","0,008978","-0,000878","0,018272","0,029002","0,033169","0,009287","0,031103000000000002","0,078444","0,088882","0,09224500000000001","0,089082","0,025614","0,016021999999999998","0,013223","0,005912","0,020306","0,086348","0,08436400000000001","0,089754","0,095455","0,120813","0,069241","0,033521","0,030381000000000002","0,019632","0,022306999999999997","0,07737999999999999","0,028143","0,009185","0,022306","0,049655","0,06963899999999999","0,051784","0,02578","0,09578700000000001","0,12440999999999999","0,119942","0,108852","0,058851999999999995","0,022597000000000003","0,00188","0,008984","0,09608499999999999","0,077848","0,060048000000000004","0,09865399999999999","0,113493","0,11893300000000001","0,09051300000000001","0,093741","0,08024200000000001","0,048301000000000004","0,078765","0,038886000000000004","0,022025","0,016186","0,020201","0,024106000000000002","0,003767","0,000995","0,002663","0,013535","0,004129","0,005129","0,003677","0,000514","0,000059999999999999995","0,004367","0,02189","0,057741999999999995","0,059354","0,069007","0,058145","0,034428","0,0157","0,007715","0,001295","-0,00047299999999999995","0,036302","0,052976","0,066966","0,088762","0,06650199999999999","0,047531","0,053988","0,038335999999999995","0,018302","0,016774999999999998","0,020215","0,058696","0,06956","0,034445","0,016588000000000002","0,008262","0,008962999999999999","0,024536000000000002","0,034094","0,027098","0,006951","0,027126","0,072552","0,037111","0,048018","0,043881","0,052872999999999996","0,074614","0,053965000000000006","0,048735999999999995","0,07083","0,086502","0,12884700000000002","0,13147499999999998","0,127744","0,084768","0,048719","0,033469","0,021609000000000003","0,022918","0,015404","0,008694","0,023567","0,018349","0,001877","-0,001016","-0,000839","-0,000374","0,015893","0,000884","0,012662000000000001","0,034097999999999996","0,057622","0,045541","0,036594","0,021768","0,003581","0,005202","0,016218","0,011888999999999999","0,006452","0,030934","0,035342","0,034908999999999996","0,03601","0,037543999999999994","0,036810999999999997","0,034502000000000005","0,040823","0,040619","0,036493000000000005","0,034872999999999994","0,036654000000000006","0,039062","0,055102","0,13644","0,13153299999999998","0,120681","0,120509","0,133723","0,111814","0,110322","0,14460499999999998","0,14188800000000001","0,138517","0,103806","0,07778700000000001","0,112206","0,10622799999999999","0,064539","0,014281","0,043371","0,127907","0,146424","0,14545","0,143926","0,14559","0,141697","0,14069399999999999","0,138058","0,141967","0,144565","0,145164","0,137505","0,086123","0,055221","0,117267","0,148351","0,14442","0,132126","0,066916","0,058006","0,131364","0,137681","0,139991","0,13597499999999998","0,146508","0,147052","0,146234","0,138983","0,13919499999999999","0,145352","0,14587899999999998","0,08684","0,01716","0,036651","0,100819","0,143024","0,146936","0,11841299999999999","0,053581000000000004","0,058825","0,151169","0,14289","0,134535","0,108377","0,06379800000000001","0,065789","0,038918","0,026225000000000002","0,016693000000000003","0,02204","0,026283","0,101029","0,132665","0,134608","0,115133","0,051381","0,016725999999999998","0,047998","0,097273","0,083528","0,037814","0,079848","0,081598","0,065015","0,044561","0,011012000000000001","0,023291","-0,00022","0,029920000000000002","0,110418","0,129799","0,129495","0,079633","0,049627000000000004","0,08571","0,09241200000000001","0,10165600000000001","0,099307","0,031543","0,024151","0,015435","0,023216","0,088725","0,10162399999999999","0,098162","0,033542999999999996","0,020562","0,028489","0,01768","0,010053000000000001","-0,0016419999999999998","0,016585000000000003","-0,000376","0,016914000000000002","0,007928","0,032995","0,042775","0,060212","0,07646299999999999","0,09272","0,050965","0,054579","0,049863","0,069054","0,01542","0,021228999999999998","0,094911","0,100203","0,093752","0,025405999999999998","0,010326","0,010898999999999999","0,029109000000000003","0,037092","0,023462","0,018983","-0,000768","0,017484000000000003","0,0009040000000000001","0,001858","-0,001313","0,002529","0,022525","0,034055999999999996","0,003892","0,023137","0,009507999999999999","0,00858","0,008074999999999999","0,048475000000000004","0,063881","0,063726","0,031202999999999998","0,012136","0,006541","0,006829","0,005957","0,0020169999999999997","0,01465","0,045196","0,057357","0,05101","0,044828","0,055591","0,077763","0,048936999999999994","0,0396","0,027571000000000002","0,032734","0,040473999999999996","0,03252","0,044238","0,0499","0,043489","0,034006","0,013829000000000001","0,006199","0,036267","0,049915","0,031365","0,030866","0,011218","0,00898","0,00457","-0,000808","0,011434"
Eólica,"23,525794","77,426389","84,09911199999999","125,320489","61,809341999999994","50,242116","55,450866000000005","59,253662","135,41602600000002","173,83212","79,359488","58,418171","125,889808","190,26769000000002","191,376315","208,57673699999998","206,43071","194,899726","329,59027899999995","347,00122899999997","276,16788199999996","155,545003","78,496262","59,825649","45,587571000000004","129,06876","261,456085","220,347443","204,90613000000002","225,931079","191,346465","232,966343","163,304516","121,332676","186,634777","162,47138800000002","140,91042199999998","97,034197","72,469692","168,086322","223,50407","111,403069","42,832043","158,92042800000002","66,95684200000001","122,789632","188,779346","182,665232","116,141921","88,18199899999999","102,375944","98,495433","57,416050999999996","54,987358","68,447075","213,978677","242,230001","283,04323999999997","170,31495800000002","332,63410600000003","358,412171","346,73247399999997","348,51372200000003","296,276722","356,585844","361,496353","212,42807399999998","176,55116","229,675954","152,721226","75,975971","91,86930000000001","154,610239","61,367905","152,43405900000002","252,77515400000001","226,409863","116,33044500000001","119,208125","133,334193","73,732528","48,688934","122,413971","134,707414","55,44372","196,71899299999998","110,43500900000001","37,490199000000004","153,591347","234,929098","209,342042","86,096515","121,76494199999999","97,805107","188,95329500000003","188,727044","88,44111199999999","76,618084","66,72998600000001","91,116817","85,360437","74,758509","105,12006699999999","75,169787","99,032495","190,741951","210,902326","160,81964499999998","47,955286","75,030426","134,949331","180,40452","135,228804","63,672276","84,818772","37,130968","58,182843","115,062989","182,665941","250,424744","321,082165","269,98814","153,43691099999998","64,515795","224,363036","109,45763099999999","52,368621","155,544756","116,74163800000001","108,66294400000001","152,268429","185,88636300000002","62,050099","68,485356","149,603793","180,63879500000002","192,93466","113,556405","102,339908","105,471648","53,044085","52,270411","52,115389","156,428713","164,245851","156,355239","205,516739","172,557804","119,241901","73,825349","98,129232","92,636678","46,94793","42,483484","86,534613","202,420754","111,209698","92,723539","193,729823","176,72667","138,168891","87,730212","209,19226","255,372536","169,81074299999997","81,071565","83,71039200000001","114,225379","65,007894","49,161566","62,153403","63,65518","99,134236","134,034201","107,37942299999999","94,573799","89,20808","120,228069","98,675727","70,17626200000001","98,62649400000001","99,904204","95,440019","127,561809","140,908031","106,02391300000001","120,667839","207,13444","131,94201800000002","157,183919","104,43161500000001","137,23356","222,362485","177,679113","192,44488099999998","201,168347","226,237583","194,79044399999998","208,318751","89,952332","82,10802199999999","142,598166","173,805277","86,0264","73,23891","115,090627","80,167468","71,972591","108,497412","141,49093","129,64146300000002","143,042875","60,39288","133,77781","185,087601","154,925408","128,483316","66,258746","106,47334","107,648814","97,392382","85,320164","119,70247900000001","151,937288","105,682641","41,073767","68,40190700000001","126,304352","139,414557","117,35050100000001","91,126295","174,242563","178,510516","120,20241499999999","81,975991","116,783245","107,499665","76,99716599999999","53,888599","69,474612","173,81160999999997","236,689293","162,31007","96,852497","60,551438000000005","124,055995","75,01258","97,207439","173,567998","259,53006899999997","257,774166","171,98962899999998","83,72966199999999","102,800417","87,417849","96,819953","133,400389","146,377175","67,305637","51,971134","132,957065","179,486044","151,172933","74,73397800000001","45,487103000000005","43,234048","119,21529799999999","228,83255499999999","327,02221299999997","275,089418","234,786731","132,314684","55,531847","65,790861","207,062303","366,789939","316,815381","264,544852","178,386375","162,660418","105,790752","62,483063","51,761383","213,24132999999998","246,25900099999998","185,886638","163,63088399999998","206,385482","181,215789","110,574459","51,159383","62,153847999999996","286,98285200000004","341,335145","248,51869699999997","141,062267","168,539978","223,85816699999998","303,15398","279,045585","246,642345","121,049554","60,951074","88,60892999999999","126,055336","129,57366","91,741946","187,344732","222,33213800000001","308,702268","339,282506","233,28455","157,445842","64,065933","39,528223","141,272939","97,943761","79,843696","136,314065","222,424867","106,144479","59,205597000000004","91,191362","193,909255","262,170793","116,43509900000001","57,995979","47,040095","100,571304","122,17642500000001","232,586378","156,52364","70,684674","53,340008000000005","89,078066","179,95132999999998","269,665047","228,524718","310,215998","286,90608000000003","322,720847","388,207824","348,745929","281,055566","370,24650199999996","388,095778","348,80223700000005","199,26852","180,228467","191,759685","161,851778","65,641004","125,927008","136,682821","131,401815","157,31020900000001","132,988356","141,93337400000001","133,138794","288,17458600000003","228,372524","265,412232","392,65499900000003","312,223454","236,616181","235,64219200000002"
Solar fotovoltaica,"22,648945","18,979007000000003","17,358048","21,758614","26,575952","24,618299999999998","26,272258","25,817684","22,108068","22,801187000000002","28,608571","28,949919","23,072913","24,929145000000002","19,975740000000002","29,059912","22,827055","10,153607","16,334437","11,271829","9,243644","13,203524","14,387162","12,339027","10,244977","23,213563999999998","21,88476","15,16079","18,788627","21,274905999999998","21,482223","21,653603999999998","30,422828000000003","33,686969","33,614733","32,359719","31,848679","24,252024000000002","18,682978","27,341803","36,32589299999999","27,5553","16,889744","22,386517","35,814485","37,220868","37,416178","28,497555000000002","26,472433000000002","36,083546000000005","42,799264","43,983050999999996","45,32696","45,896442","45,722135","36,132527","44,640043","44,436688000000004","40,529622","25,423728","24,581606","32,095402","26,394785","31,859286","29,433845","38,747489","42,705963000000004","44,372212","43,69506","45,021927000000005","45,882529999999996","41,103703","39,496802","45,750814","37,964086","19,372128","24,752620999999998","30,4567","32,527464","24,178021","23,381747","26,155386999999997","29,392245","25,296789","37,794818","48,568944","33,95044","48,760304","51,340133","21,389526999999998","20,746396","32,507785","36,080186000000005","54,222464","44,787189","43,754453","29,870941","35,83774","47,077491","28,529318","31,546239","39,269601","40,082488","35,014693","35,043993","27,806366999999998","34,319613","31,475749","36,857108999999994","34,286019","36,699502","29,903389999999998","42,300304","44,478898","47,002989","33,920289","35,089152999999996","35,276680999999996","45,529928","56,7714","43,242644","53,296985","60,830254000000004","60,756849","51,930963000000006","54,139998","59,207483","46,859106","57,076341","42,589760000000005","37,297971","43,160154000000006","24,329854","42,669957000000004","25,843616","34,694044999999996","40,80692","53,793293","65,258962","65,14195","65,164911","62,665596","63,224407","60,766492","59,077864999999996","48,820782","59,052321000000006","62,788408000000004","63,687416","65,171776","61,568625","45,090224","54,494879","53,120278","56,896546","40,058828999999996","65,650999","61,849841999999995","49,649536999999995","55,29937","60,481736","60,298761","55,260239","51,154883999999996","62,206218","63,865286999999995","64,715946","54,40309","63,016837","64,00495","63,662789","67,502179","68,106316","67,565892","64,44876000000001","50,681049","61,26085","59,374311999999996","65,69821300000001","65,3821","65,402897","62,183707999999996","66,24203","66,087052","65,260276","66,809271","66,364748","64,577996","63,589974000000005","50,63487","58,752169","63,832054","63,117509","50,692274","63,604565","54,871624000000004","62,739916","64,45533400000001","64,181707","65,371246","63,105166","60,745385999999996","49,542165999999995","58,728387000000005","63,722705000000005","63,125633","64,64971","63,980779999999996","61,286555","62,249006","62,375575","52,95099","55,564153","53,906911","61,588875","58,955566","60,911601000000005","63,265736","61,910757","59,924838","53,253159","57,685744","47,196801","38,73465","55,988329","63,578433","61,505927","64,945419","65,758404","60,887807","51,328504","63,765635","59,114045","58,937084999999996","63,666146","60,365013","59,206807","61,301972","60,803551","59,545231","55,036333","56,59697","57,368127","60,800574","40,750762","58,674146","60,173837","60,736839","59,590786","57,28611","54,505264000000004","55,541343999999995","53,827226","56,374593999999995","52,935124","52,749487","47,100857000000005","43,078693","49,927076","42,297821000000006","26,621886","24,950549","39,994338000000006","42,051522","47,794394999999994","49,959302","39,352973","30,526137","52,487288","51,97901","53,971455","56,201929","54,439148","44,58407","48,361512000000005","21,010765","51,05484","40,180292","53,366391","50,470033","51,926096","48,45368","44,198243000000005","45,905134","48,873489","54,434163","49,905646","48,938811","50,186735999999996","53,485074999999995","49,228327","46,159355000000005","40,720724000000004","13,907416999999999","28,990436000000003","16,773296","37,454612999999995","42,36374","27,11581","42,56008","40,127832999999995","35,841345999999994","44,20566","44,743128","44,010921","39,921861","36,728730999999996","25,347580999999998","13,462593","11,943339","16,192156999999998","27,222911","31,262100999999998","29,574337","36,709812","32,417532","29,157857","24,588956999999997","11,705757","27,568844000000002","27,142791000000003","33,148828","33,591205","33,730264000000005","39,279373","39,364324999999994","38,690326","38,940126","30,269966","18,125793","7,842267","10,043126","20,608884","22,7082","26,417594","30,126802","29,436345000000003","34,255083","15,820412000000001","30,195019","24,541368","14,875053","23,423093","27,847216","10,409889999999999","10,590950999999999","27,806036","21,192592","12,438424000000001","27,223115","18,034440999999998","21,026336","20,957031","12,040651","25,263642","23,910879","27,013087","19,334964","21,379405","30,857533","36,395872000000004","31,799792","25,568304","25,222917000000002","35,67936","28,333266"
Solar térmica,"5,311291","3,922497","0,721767","3,118439","5,549658","6,4465959999999995","6,902192","6,291059000000001","4,373747000000001","3,328695","7,635451","7,676849","2,711194","1,884404","2,209249","5,631598","1,155425","0,07786799999999999","1,7884449999999998","0,48358","0,578589","0,0405","0,089757","0,258633","0,01297","2,3230500000000003","1,603032","0,528657","0,7834589999999999","1,6100889999999999","0,919111","1,672204","6,177939","9,157588","8,711549000000002","9,37632","5,3552979999999994","1,9617639999999998","0,283932","3,500266","9,759582","3,882323","0,376926","0,66111","7,262202","10,233882","11,587851","4,774491","5,421629","9,962877","11,170399","14,120758","14,921709","17,394116","17,045129","6,850270999999999","13,66892","13,757252000000001","7,351363","1,556346","0,7541530000000001","1,722272","1,827171","6,015219","3,3972330000000004","11,705069","13,53221","14,214015","15,380181","18,029134","11,854876","9,153630999999999","8,696975","12,349058999999999","7,4022380000000005","5,068548","6,825916","2,993819","2,96909","0,878064","0,690411","4,7862160000000005","6,630238","2,820476","10,537047000000001","17,372778999999998","9,193487999999999","13,312978999999999","14,354959999999998","0,5725549999999999","0,9273980000000001","5,201558","9,359831","19,211439","7,35796","7,299507999999999","0,961207","6,694107","7,195983","0,160576","3,54529","4,090507","10,690046","5,2963569999999995","7,809682","3,442691","3,401786","1,5314780000000001","6,966662","11,825372999999999","3,573166","4,214865","13,563396000000001","12,719644","10,089491","0,709716","3,094365","2,91956","7,86209","18,65909","7,418013","15,79285","25,501168","26,013856","16,438122","17,169147000000002","21,009383000000003","8,94976","20,811442","6,192747000000001","7,015125","4,085624","1,3205989999999999","3,7806260000000003","0,589419","4,583018","9,496945","16,051406999999998","26,498669000000003","28,30779","27,744312","28,17925","28,262379","27,768475","27,241062999999997","23,213469","22,778377","24,039272","24,612061","26,245390999999998","24,315815999999998","8,477189000000001","12,065698000000001","14,626286","20,980335","7,900226","21,379219000000003","25,590893","16,489493","22,43845","25,233168000000003","23,866912","19,305568","10,537398","19,542376","26,710695","29,270925","23,221274","27,047541000000002","30,181978","29,548096","30,582212","30,873258999999997","30,626087","26,859632","22,156133999999998","25,420128000000002","23,161409","27,063255","30,279940999999997","30,194167","28,494093","28,612080000000002","30,853055","31,305731","31,829365000000003","30,903295999999997","30,376495","25,264813999999998","15,212369","24,084468","27,278033999999998","25,54901","21,226909","25,106105","22,045426","26,153965","28,193707","27,648178","28,113400000000002","26,677054000000002","23,132553","11,107741","21,190093","26,345905","26,933508999999997","28,496037","28,449142","24,777759","25,562168","26,960825","24,832669000000003","21,95018","21,256214","24,978023","22,846541000000002","24,352176","26,682886","26,401726","24,441018","15,723025","19,143754","13,051949","9,61952","17,389247","25,207622","27,600101","28,784709","29,531341","27,934009999999997","23,676702000000002","26,935292","25,367147","22,975715","26,929915","28,804171999999998","27,66195","26,761311000000003","26,97084","24,783732","21,7484","25,205891","25,414009999999998","26,362722","10,927395","22,693742999999998","26,317598","25,871745","26,162169000000002","24,590384999999998","22,183139999999998","21,989129000000002","22,873292000000003","23,165392","16,862518","15,339604999999999","8,277111999999999","7,965111","15,462022999999999","5,652442","0,888447","1,10222","7,368192","8,382419","12,772383","12,635016","7,312729999999999","1,8713030000000002","17,276546999999997","19,749918","19,705275","19,5296","20,503061000000002","6,729323","11,576522","1,1352119999999999","16,014322","9,419325","13,79983","17,091723","18,942973000000002","13,936774999999999","6,874034","15,430219999999998","16,849224999999997","19,425042","17,902311","16,191742","17,056106","17,184629","14,632095","12,863574","5,312861","0,25961900000000004","1,667386","0,978325","5,639771","9,476474","2,145768","8,342084999999999","8,654599000000001","5,900564999999999","12,558298","11,538778","11,47452","7,858245","8,155343","1,9955239999999999","0,350328","0,584204","0,36534500000000003","3,4231529999999997","3,992105","3,479774","6,9073720000000005","6,335808","2,5617170000000002","1,071939","0,263252","3,257433","2,524173","4,175652","6,027957000000001","6,3297039999999996","8,219713","7,826812","7,237671000000001","7,697222","3,814176","0,729701","0,262385","0,31751100000000004","0,40156200000000003","0,671866","1,210622","3,90821","4,268618999999999","5,667770000000001","0,24706999999999998","3,847705","1,314644","0,31083999999999995","1,201883","2,498509","0,244898","0,247933","2,6016619999999997","1,054643","0,257921","2,138309","0,553406","1,2513340000000002","1,547017","0,46071100000000004","1,5316569999999998","3,066776","4,632333","1,0992449999999998","1,228885","2,899151","7,297451","6,100447","2,4332","1,717935","6,905229","3,69052"
Otras renovables,"8,373805","8,407881999999999","8,992384","9,549843000000001","10,030028","10,472046","10,822991","11,451666","10,871684","10,103661","10,667742","10,433588","10,499566999999999","11,775497999999999","11,44501","11,887625","12,026847","11,788214","11,149880999999999","10,837461","10,816387","11,092345","10,699506","10,879572","11,061867","10,713312","10,879817","11,179536","12,106716","12,879050999999999","11,416217000000001","11,576965","11,129521","12,299890999999999","12,433110000000001","12,464199","12,6848","12,384513","12,056460999999999","11,397844","10,659654","10,679452999999999","10,05941","10,034285","12,355303","12,929081","11,860669","11,805512","12,13457","12,014457","12,894639999999999","13,70179","13,78509","13,271369","12,147859","12,107109000000001","11,408192999999999","11,68897","11,923172000000001","11,729016","11,307887000000001","10,40832","9,298765","9,51033","10,397799000000001","10,963749","11,24917","11,52788","11,123888999999998","12,082457","10,965635","10,5197","11,568121","12,408114","11,922758","11,770947","12,310872","11,441486000000001","11,44867","11,587811","10,866211999999999","10,322201999999999","10,249692","10,336079999999999","10,520374","11,269317","11,902477000000001","12,453266","11,205596","11,945196","11,411532999999999","11,421579","12,199111","12,268135000000001","11,336979999999999","10,080382","10,530745000000001","11,004485","11,140559999999999","11,744042","11,236834","11,491657","10,911991","11,106045","11,216339","10,802528","10,639449","10,372402","10,95243","10,772362","10,226953","10,454662","10,815863","11,934502","12,093102","12,311709","12,328994","12,132435","12,042754","10,632312","11,556451","11,645923","11,431314","11,331434999999999","10,606073","12,033415999999999","12,459136","12,521106","12,56966","12,259125","12,071885","11,634539","12,133222","12,18581","12,514421","12,187459","11,893674","11,891449","13,041052","13,948293","13,836013999999999","13,65632","13,934243","13,632227","12,518606","13,384703","13,938037","14,068852999999999","14,089248","12,060167","10,989808","10,822659","9,958895","10,003172000000001","11,382073","12,390446","12,705187","12,714189000000001","12,897778","12,901819","12,567656999999999","13,441921","13,138283","13,405403","14,201049000000001","13,287677","12,750176","13,371103","13,402415000000001","13,569788","13,656357","13,129757999999999","12,62416","11,59934","10,980718999999999","11,018946","11,334069","13,373068","14,606723","13,988762000000001","13,376831","12,230229999999999","13,377259","13,42015","13,094641","12,462092","11,63286","11,092398999999999","11,656606","11,985332","10,965354","11,911760000000001","10,909540999999999","10,738628","9,786344","10,776405","10,211316","9,719756","10,280381","10,596731","10,128651","10,524638999999999","10,865679","10,525423","10,933285","11,002471","11,648415000000002","11,616743","11,553336","11,477636","11,712380999999999","11,305196","11,648290999999999","11,81505","10,510915","10,810630999999999","11,171245","11,131293","11,906352","11,837758","11,815491","12,327492","12,547569","12,653217","12,176638","12,41079","12,624055","12,762326999999999","12,470998999999999","12,209938","12,946444","12,364811","12,656325","12,189243000000001","12,941466","12,223433000000002","11,777361999999998","12,019099","12,514342000000001","11,808235","10,813398","10,590746999999999","10,673072","10,11852","10,350134","10,579870000000001","10,773195","13,02166","12,683676","11,982267","12,664603999999999","12,793509","12,509477","12,534392","12,842736","13,463037","14,649066000000001","14,747173","15,005127","15,043706","15,289019","14,960154000000001","15,396621999999999","14,702513000000001","13,601616","13,420575000000001","13,939202","12,706536","12,965315","14,159452","13,127503","12,555899","11,848035","11,767011","12,761583","12,930273","13,094897999999999","12,127161","12,573512000000001","13,010173","12,944412","12,923056","14,610671","14,333639999999999","14,412764","14,448004999999998","14,118754000000001","13,586607","13,607629000000001","14,197063","14,701918","15,245649","13,993209","13,578803","13,082619000000001","13,362205","13,208572","12,833566000000001","12,247435","12,22631","12,631737999999999","13,221120999999998","12,894695","12,990778","13,470816999999998","13,126130999999999","13,53723","13,149035","12,300241","12,381924000000001","12,494252000000001","13,529363","13,722544","13,267914000000001","13,563377000000001","13,299245999999998","13,612626","13,404433999999998","13,405278000000001","12,167594999999999","12,539239","12,577474","13,007431","13,215133","13,431956","13,664602","13,826813","13,089715","12,696736000000001","12,987498","13,199419","13,124279","13,276361000000001","13,763546","13,213072","13,830842","13,799259","13,828453999999999","12,939894","14,196161","14,406407999999999","14,584941","14,340709","14,435735000000001","14,050151","14,180228","14,226089","14,472588","14,073397000000002","13,657774","14,305034","14,298468999999999","14,348627","13,953741","14,160872999999999","13,479273","13,928657999999999","13,648147000000002","13,977542999999999","13,233671000000001","12,212566","11,99783","11,659573","11,445616","12,458304","12,764878000000001"
Cogeneración,"58,759866","73,625417","81,30222","77,322202","75,67151700000001","77,98217","84,98848299999999","86,063969","83,637711","83,566356","78,43352499999999","76,828435","80,33571400000001","78,871247","79,718076","79,546001","80,489198","75,384011","73,089797","78,986655","77,891486","79,95036599999999","83,53416499999999","84,50212300000001","81,640501","75,908201","77,96997","76,994566","78,80886699999999","77,95375999999999","80,774919","73,704686","71,23677400000001","78,968107","80,222436","81,475178","81,795096","82,71798299999999","78,515392","72,799671","76,63216800000001","80,312226","81,847081","79,96385799999999","83,766571","75,65794500000001","69,775252","75,599693","79,223711","80,392279","79,423337","79,65982399999999","73,694154","72,49705800000001","78,224218","76,20866099999999","75,63169","75,738346","76,095754","63,525150000000004","61,050225","67,27829","70,797978","73,421302","70,895742","71,199403","70,167253","69,50516499999999","74,744552","76,909762","77,866219","79,13705100000001","78,96871300000001","76,01035499999999","72,052936","75,9041","74,87022599999999","75,993278","74,21526399999999","74,087166","70,59348","69,09611100000001","71,779679","73,20430999999999","75,71637799999999","73,256609","73,72080100000001","70,20818799999999","62,968291","66,185559","65,15288100000001","66,335279","67,103366","66,873493","60,792703","55,462661","64,06439400000001","64,645616","65,835004","61,844111","59,913529000000004","59,448029000000005","57,054802","63,490466","67,27525800000001","66,472436","66,054134","66,581775","65,630366","60,360847","63,002772","63,217169","65,07969200000001","68,32778","69,202073","67,169511","64,781228","69,899794","68,373205","63,977108","60,543274","51,690962","55,568545","57,035394999999994","63,673694000000005","67,305545","66,74756","67,704207","68,372605","65,469608","62,649129","67,586808","72,466538","72,74848","72,249939","70,60176","65,054604","63,644442000000005","70,13278100000001","72,195312","72,450155","72,76013800000001","73,090459","67,152747","62,873023","70,86438000000001","70,603133","70,996964","71,037219","70,75376700000001","66,946865","64,72912099999999","70,349161","73,817476","73,081596","72,55471","73,519955","70,382659","67,92308100000001","74,21263400000001","74,649265","73,469404","74,230652","73,452042","71,245375","70,253834","75,101182","74,99222900000001","74,811481","77,256685","77,990251","72,984386","70,072985","73,16828","72,320116","72,387766","74,26035300000001","75,13400800000001","71,82344","69,469033","72,936094","71,822292","72,727783","76,283213","77,50422900000001","71,888879","69,227354","74,11086","73,70281200000001","76,065947","76,948655","77,622178","72,08985799999999","69,79363599999999","75,24468300000001","77,660298","77,298662","78,582292","78,06455899999999","71,23921","68,444108","73,807263","75,209239","74,330296","74,39578","75,76821000000001","71,616919","69,37608","73,95677400000001","75,15234299999999","74,266793","75,65444500000001","76,13009299999999","69,911665","67,94665300000001","71,45187399999999","71,50283999999999","71,02399000000001","70,039844","70,889077","67,97616099999999","65,816227","68,075394","69,377045","69,99256600000001","71,754399","72,012677","67,241294","65,475359","72,276652","73,785147","71,065912","72,49816899999999","72,254823","68,698252","66,185111","71,52197199999999","72,55678200000001","72,54205499999999","74,111148","74,92981900000001","72,34769899999999","71,58760799999999","77,45223299999999","78,667806","77,97179700000001","79,072602","79,60086100000001","75,31146799999999","73,038898","77,93165499999999","79,049185","79,795152","79,85024800000001","80,320672","75,583151","72,117564","74,51413099999999","75,431731","76,525327","77,574749","78,551773","75,222764","73,444791","78,31904399999999","79,601922","81,026799","79,74087300000001","77,093863","73,232851","68,965339","76,09053200000001","77,427049","79,084163","78,88935099999999","73,418742","64,76581300000001","64,28300899999999","76,282992","78,06209299999999","80,013909","80,15401","79,96351700000001","74,78219","69,475992","69,304041","74,99609299999999","77,68105800000001","81,49260000000001","83,35047","79,33814","76,615084","76,523538","75,20900999999999","75,580029","78,976439","81,034429","73,810189","66,083529","73,300097","76,524754","77,546512","78,91279399999999","81,607681","76,034152","70,331423","78,61835099999999","81,93862200000001","82,151077","79,84672","79,83693799999999","74,492317","74,994444","82,335739","83,530178","82,63746","82,240707","83,89023399999999","77,844435","68,38516800000001","79,988853","81,319915","80,510689","82,703856","83,195358","77,840709","75,22415099999999","80,61104300000001","80,293329","81,079997","83,153381","84,01700500000001","79,341572","77,293866","83,154538","81,98032","83,160644","83,04335499999999","84,608027","81,957088","78,09569","77,589249","71,332998","82,883047","81,23312399999999","79,537916","75,064088","75,70294100000001","80,839879","82,247756","81,98875","83,895719","84,521141","80,752196","79,47792299999999","82,847901","82,56331200000001","80,290299","61,544705","44,286951","60,231511","63,481271","62,76223","70,88481","74,345657","63,2926"
Residuos no renovables,"4,1970385","3,8426555","4,502348","4,9573405","4,856180500000001","5,024043499999999","5,0774105","4,4524875","4,1406835","4,3726255","4,7586435","4,9639395","5,859184","5,9104895","5,777973","5,780453499999999","5,894194000000001","6,0749285","5,8189945","5,8835685","6,3650285","6,180983","6,4605500000000005","6,3070385","6,396986","6,4289245","6,349378","5,3975195000000005","5,301424","4,944751500000001","5,0652385","5,239225","5,186483","5,114429","5,3785335","6,4851665","6,223033","6,290150499999999","6,3332299999999995","6,192908","5,872439999999999","5,600392","4,756564","5,1999455","5,292719","5,330379","5,325814","6,072994","5,9602965","6,114939000000001","6,363815499999999","6,340624","6,3790115","6,2560975","6,0716035","6,1509825000000005","6,4076035000000005","5,895656","6,0748895","6,1253519999999995","5,933453999999999","5,2770185000000005","5,716045","5,7714275","5,8907665","6,0733625","5,9838605","6,0436715","6,1656379999999995","6,539455","6,123309","5,9982035","6,107134","6,042438","6,0311365","6,029572","5,213165","5,9950434999999995","5,968368000000001","6,167686","6,364747","6,209892","5,397228","5,3978075","5,293858","4,8513385","4,6329685","5,135015999999999","4,9479295","5,063448500000001","4,809853","4,715392","4,872184","4,825139500000001","4,590755","4,7169695","4,7856695","4,8759425","4,7094755","4,646313","4,677022","4,758228","5,030220999999999","4,987287","4,7833875","4,589201","4,3981225","4,1730979999999995","4,226748499999999","4,533265500000001","4,354012","4,2911615","4,3674740000000005","4,5165655","4,6947434999999995","4,799193","4,686782","4,700266","4,672296","4,792720999999999","4,7616945","4,985957999999999","4,853643","4,6059345","4,552083","4,596382999999999","4,6242355","4,6833175","4,4321355","4,343845","4,6636035","4,8670665","4,8304735","4,795001500000001","4,8341685","4,9520005000000005","4,8014485","4,477987","4,536541000000001","4,5895529999999995","4,875699","3,9967710000000003","4,5747565","4,509917000000001","4,643107","4,7939875","4,527698999999999","4,9283434999999995","4,7660045","4,821821","4,947134","4,9521725","4,907862","4,9324925","5,1392045","5,3536245","5,4973805","5,320763","5,2800185","5,0451065","4,835725","4,487461000000001","4,7853965","4,8237005","5,4141925","5,394811499999999","5,5671475","5,515225","5,5013555","5,2683495","5,2599385000000005","5,303603","5,188637","5,225159","4,9239825","4,307417","4,349663499999999","4,536617000000001","4,3776139999999995","4,187117","4,289306","4,0772745","4,3458325","4,233925","4,2151415","3,9915785","4,1778635","4,044275","4,2402115","4,121636499999999","3,739763","3,9968155000000003","4,0523195","4,270341","4,1759955","3,5646245","3,859746","3,773158","4,5342495","5,143421999999999","5,202983000000001","5,106520499999999","5,1880615","5,420056","5,179543","5,32541","5,1555349999999995","5,3845505000000005","5,465055","4,6333365","4,6376729999999995","4,966092","4,935403","5,256203999999999","5,3536845","6,1356745","6,4366325","6,3874775","6,46115","5,495261","5,370163","6,0797704999999995","6,390537999999999","6,4945985","6,5041465","6,399627499999999","6,427511000000001","6,327963","6,196115","5,9300115","6,1954855","5,915398","6,1361685","6,1170029999999995","6,244834","6,160171","5,917917999999999","5,954822500000001","6,0825985000000005","6,2021505","6,253693500000001","6,4360755","6,498331","6,528965","6,3908285","6,4997615","6,454645","6,486394000000001","6,497957","5,4891105","5,5982924999999994","5,682009","5,708559","5,9327820000000004","6,679184","6,657787","6,525315","6,651329","6,6635345","6,498984","6,412002","6,3305955","6,5667745","6,442396","6,2724635","6,5229035","6,4974865","6,402785","6,253914","6,344850999999999","6,1028275","6,1742349999999995","6,1415605","5,90308","5,9061655","5,6913705","5,479105499999999","5,4937045","4,9324825","4,827332999999999","4,8619245","5,4887015","5,056885","5,110136000000001","5,346520000000001","5,052668","5,102095","4,4730704999999995","4,3948995","4,602426","4,73013","4,918387","5,446176","5,4031685","5,129469","4,524180500000001","4,732149000000001","4,845235499999999","4,522557","5,1626215","6,3257045","6,5492295","6,4443909999999995","6,507639","6,502966000000001","6,264768","6,347712499999999","6,3367645","6,121479999999999","5,3011385","5,123874","6,2043824999999995","6,336619499999999","6,4777675","6,3648419999999994","6,209296","6,2453075","6,593502","6,547823999999999","6,14821","6,5457345","6,642532500000001","6,787389500000001","6,750932","7,1299765","6,80333","6,290881000000001","6,7661255","6,745703499999999","7,0165575","7,0063175","6,9213035","6,7771859999999995","6,8519295","6,415661","6,50901","6,331189500000001","6,451833","6,4975510000000005","6,608875","6,499193","6,5495215","6,4190955","6,594067","6,469607","6,412084","6,452152","6,627025499999999","6,6534245","6,6604285","6,380871","6,5847785000000005","6,7040370000000005","6,4703365","6,175204","6,0679675","5,9387015000000005","5,610736","5,592141499999999","5,251366","5,6781375","5,7490445","5,4332115000000005","5,3444195","4,8116105","4,3224415"
Residuos renovables,"2,4544395","2,1152715","2,115966","2,2216345","2,2470904999999997","2,3360374999999998","2,3243255","1,8710025000000001","1,4645965","1,6708615","1,6957805000000001","1,6658605","1,656981","1,6035885","1,715085","1,8167285","1,841701","1,8173435","1,7170425","1,8995635","2,4097785","2,3356559999999997","2,497096","2,3102064999999996","2,316553","2,4049645","2,371718","2,3784465","2,325466","2,4728515000000004","2,4771025","2,425472","2,4037159999999997","2,371802","2,4400304999999998","2,4839475","2,324319","2,3727255","2,296821","2,318553","2,192447","1,805432","1,16893","1,4889965","1,545224","1,5552000000000001","1,572485","2,047621","2,2987525","2,282605","2,3545175","2,358358","2,4266635","2,3911075","2,3844185","2,3256265","2,1623565","2,076449","2,2505855","2,34307","2,253101","2,0077915","2,006347","2,0130935","2,3093715","2,3767785","2,2913065","2,2188335","2,2589360000000003","2,264815","2,229325","2,2704115000000002","2,2491019999999997","2,247199","2,2769325","2,1414839999999997","2,047246","2,1076625","2,153188","2,269352","2,447183","2,34914","1,575884","1,5410864999999998","1,6606569999999998","1,6156365000000001","1,5491065000000002","1,499032","1,3811675","1,3709685","1,483872","1,415567","1,314759","1,2483885000000001","1,252934","1,1952455","1,2014855","1,2659755","1,1379965","1,009752","1,013505","1,065919","1,269211","1,277593","1,2908545","1,24362","1,2124314999999999","1,080914","0,9927954999999999","0,9722315","0,808631","1,2032995000000002","1,091808","1,1152795000000002","1,1436635000000002","1,1946020000000002","1,192703","1,1936","1,195565","1,227725","1,2188175","1,3075160000000001","1,298222","1,2148415","1,149181","1,196212","1,2599395","1,2628264999999999","0,9498565","0,9207690000000001","1,2324755","1,3019745","1,3206745","1,3403545","1,2919955","1,3379375","1,3046165","1,107342","1,089873","1,175115","1,161327","1,042324","0,9451335000000001","1,02196","1,232968","1,1319415","0,931782","1,2341825","1,2397965","1,238964","1,263212","1,1456205","1,089749","1,3197255","1,3463135","1,6625195000000001","1,6948275000000002","1,662382","1,5836225","1,6241445","1,3650909999999998","1,1718810000000002","1,2211655000000001","1,3803985","1,6081645","1,5989324999999999","1,5210995","1,5573979999999998","1,5535535","1,5733965","1,5080445","1,5612190000000001","1,494089","1,361643","1,2183105","1,444799","1,4142315","1,432264","1,224453","1,053414","1,0596690000000002","1,0070535","1,2979215","1,32878","1,1646965","1,0039465","1,3064615","1,376626","1,4153015","1,3531685","1,323702","1,3397355","1,3517355","1,4223620000000001","1,1946225","1,0813525","1,1283610000000002","1,154684","1,1115935","1,3857000000000002","1,4239760000000001","1,3451165","1,3797715000000002","1,327717","1,3498379999999999","1,348172","1,183433","1,5339105","1,65686","1,4092215000000001","1,914989","2,2750120000000003","2,245893","2,566014","2,5032555000000003","2,5762035","2,6031425","2,5765385000000003","2,591488","2,652323","2,614229","2,6523285","2,645009","2,5817695","2,4488575","2,5993085000000002","2,614909","2,604447","2,408984","2,2430524999999997","2,2033375","2,240051","2,4365655","2,527473","2,544586","2,523084","2,389914","2,2821565","2,3517285","2,2448305","2,5092585","2,4894925","2,565204","2,57456","2,5723355000000003","2,5745675","2,5612939999999997","2,544354","2,534719","2,6284825","2,6543895","2,69675","2,809454","2,918444","2,7593919999999996","2,623005","2,375945","2,367848","2,3514385","2,364128","2,277898","2,2938145","2,3549525","2,4358980000000003","2,3606875","2,4161915","2,3775375","2,382645","2,374404","2,4051080000000002","2,2989465","2,198301","2,0389235","1,84509","1,8586085","1,8632905","1,8188345","1,8373885","1,9655395","1,9569020000000001","2,0546284999999997","2,0268575","2,002801","2,077996","2,0957130000000004","2,0928299999999997","2,394459","2,4745084999999998","2,3808415","2,5402080000000002","2,5694589999999997","2,5822779999999996","2,5430070000000002","2,5476385","2,519545","2,5640085","2,560339","2,5078055","2,56708","2,5773865000000002","2,5793955","2,5793595","2,538087","2,541891","2,564001","2,471194","2,3992354999999996","2,4099955","2,4133299999999998","2,2257474999999998","2,2877240000000003","2,5887165","2,5342295","2,4953054999999997","2,592214","2,706328","2,9180675000000003","2,917612","2,908975","2,8053359999999996","2,9004095000000003","2,8871815","2,8732925","2,768729","2,8573775","2,744416","2,7896439999999996","2,7364165","2,6391055000000003","2,8877685","2,8832595000000003","2,9171155","2,828376","2,8205245","2,681136","2,640152","2,4641175","2,5728690000000003","2,605854","2,693091","2,7059569999999997","2,6782655","2,6410324999999997","2,691625","2,651536","2,651723","2,647542","2,7011645","2,6709435","2,6649675000000004","2,703188","2,6713855","2,6960010000000003","2,6408625000000003","2,300602","2,1085765000000003","2,3000594999999997","2,385145","2,4060655","2,2046840000000003","2,3394135","2,3133215","2,1400985","2,0823975","1,5206235","1,0954425"
Generación total,"586,833966","692,396215","672,5392789999999","667,2863680000002","602,982974","610,273356","718,5122980000001","724,4958679999999","743,5566170000001","766,882287","658,9901970000001","643,251982","762,0988530000001","746,7098249999999","756,0451009999999","771,6455699999999","758,3034600000001","677,4823269999999","779,077493","861,6691770000001","842,557539","799,426876","773,1306770000002","763,57903","656,815483","654,270442","800,574573","768,769911","766,8621650000001","757,857984","724,6252589999998","688,4274719999999","630,6010009999999","688,361864","731,976116","729,7020950000001","742,1363650000001","710,148906","627,42547","651,926243","749,9275909999999","708,1471610000001","676,606737","722,0683880000001","695,4712999999999","640,8307779999999","648,9942629999999","703,851726","696,487718","705,0303909999999","716,090032","709,894813","631,306836","595,971443","683,375549","701,126124","756,7537119999998","790,6957639999998","697,6597670000001","676,9602939999999","699,1034310000001","761,631012","792,946287","784,8394470000001","804,9369449999999","831,51213","704,5767839999999","661,401007","770,6231210000001","715,7121119999999","666,4645790000002","670,5943949999998","692,918384","614,1990629999999","636,6840970000001","721,7830300000002","691,0056060000002","625,18829","617,970524","625,3014389999998","559,5838349999998","533,9747189999999","617,909328","617,2973549999998","584,4345069999999","678,7364800000001","604,7905519999999","550,9875030000001","587,45184","659,4650910000001","645,6526620000001","574,492813","603,81813","616,9574610000001","598,0769050000001","590,359888","532,164191","533,465479","528,1516260000001","520,091416","524,6574199999999","508,453258","533,941131","518,650573","547,1397169999999","611,1143470000001","622,896333","584,469335","509,5273130000001","533,6502280000001","574,1084940000001","627,238186","611,4188710000001","574,5565569999999","586,475394","515,96275","533,0895","590,6286569999999","635,3179969999999","669,022364","683,9364059999999","638,0067779999999","583,299886","498,4728669999999","629,9594499999998","571,4616590000002","541,829624","601,0044740000001","572,404679","547,878928","553,9869150000001","592,5928109999999","521,651102","542,1150970000001","555,9319449999999","588,1570859999999","601,6527990000001","537,8596319999999","567,001402","579,7463749999998","533,9804260000001","543,713923","557,0307040000001","580,192998","565,8373730000001","593,6889450000001","630,282476","627,486398","609,3737170000002","599,0009580000001","559,2995760000001","522,4148309999999","569,152216","584,460726","635,313258","667,4453750000001","635,473725","590,984929","630,4756830000002","664,840656","656,4613659999999","621,9781459999999","670,1688580000001","673,6931810000001","621,1126120000001","553,7767289999999","633,71546","663,8482060000001","645,9571810000001","614,4267270000001","614,703442","588,094128","596,431586","680,19456","675,2767590000001","633,5998739999999","673,1201480000001","694,32976","628,3766259999998","607,0765419999999","695,5649159999999","731,058481","750,867313","782,4969410000001","769,700384","667,8450089999998","668,391327","813,545506","782,367625","807,53724","796,0101590000003","788,2778749999999","761,1022349999998","680,0146129999999","785,3705289999999","788,371463","823,9412530000001","826,8182600000002","842,2443860000001","711,6730970000001","665,2216589999999","772,599257","796,842788","765,4631189999998","780,4855729999999","777,296867","686,4452440000001","656,835023","765,999119","815,3612999999999","816,9718039999999","844,1580939999999","791,0298720000002","732,7716440000002","742,178565","765,0685609999998","760,9471259999999","724,947593","756,807775","748,809925","684,775245","654,3250499999997","729,9138579999998","755,3323780000001","735,7723930000001","714,183367","714,6825190000001","661,7335130000001","652,403783","727,118246","714,546409","751,176325","767,001849","721,016585","653,6737740000001","643,4052979999999","740,5431369999999","740,0521970000001","760,5421909999998","788,470862","767,9694300000002","740,945041","654,4506160000001","699,639999","676,5884179999999","713,893947","696,8016249999998","717,219268","693,628593","728,958066","754,8473380000001","736,3908859999998","723,1935920000001","741,4189870000001","721,2359690000001","625,91689","637,6327769999998","747,528614","728,2448740000001","730,6968610000001","729,5942249999998","725,0358280000002","649,443883","573,446477","685,3234419999999","706,3398919999998","726,0277880000001","738,2265609999998","795,0535029999999","717,7468610000001","686,8556900000001","688,8793789999999","699,574727","662,485804","704,8472810000001","749,3721800000001","715,3267069999999","637,3735799999998","640,4765529999999","654,343212","667,9484349999999","637,7265060000001","632,458612","644,6957730000001","663,6641169999998","635,5356509999998","685,2837969999999","696,826641","711,418287","690,6552639999999","593,3023790000001","561,292131","730,2089170000002","764,744002","705,2993730000001","667,0404779999999","674,472288","638,2171539999999","684,2187420000001","736,4829529999998","716,673623","641,325869","630,6915449999999","637,1181039999999","569,723255","556,0683579999999","582,779057","652,5636030000001","687,4661769999999","724,6977170000001","749,3423139999999","672,7128329999999","595,9868960000001","630,6604060000001","662,1757509999999","653,5332329999999","648,0920719999999","624,8197839999999","572,896131","617,1084059999998","644,2982259999998","617,091455","631,050169","704,5320440000002","750,7931739999999","603,6154729999998","569,5516969999999","670,766593","717,6951109999999","706,305979","774,188361","759,301729","629,9767930000002","595,982351","692,0111830000002","743,1150699999998","807,0960329999998","795,4250509999999","835,643788","779,183221","777,9878130000002","795,765954","794,9985840000002","854,426735","871,1486049999999","848,8984499999998","816,0166879999999","700,2955529999999","746,8466629999999","778,100542","771,2991909999998","738,1277330000001","730,1891830000001","665,8977580000001","649,636846","731,9357339999999","685,007141","684,250027","608,765734","711,2475700000001","681,0275009999999","700,8704559999999","814,9346629999998","785,0742790000002","803,3264219999999","739,828111"
 ,,,,,,,,,,,,,,,,,,,,,,,,,,,,,,,,,,,,,,,,,,,,,,,,,,,,,,,,,,,,,,,,,,,,,,,,,,,,,,,,,,,,,,,,,,,,,,,,,,,,,,,,,,,,,,,,,,,,,,,,,,,,,,,,,,,,,,,,,,,,,,,,,,,,,,,,,,,,,,,,,,,,,,,,,,,,,,,,,,,,,,,,,,,,,,,,,,,,,,,,,,,,,,,,,,,,,,,,,,,,,,,,,,,,,,,,,,,,,,,,,,,,,,,,,,,,,,,,,,,,,,,,,,,,,,,,,,,,,,,,,,,,,,,,,,,,,,,,,,,,,,,,,,,,,,,,,,,,,,,,,,,,,,,,,,,,,,,,,,,,,,,,,,,,,,,,,,,,,,,,,,,,,,
Notas,,,,,,,,,,,,,,,,,,,,,,,,,,,,,,,,,,,,,,,,,,,,,,,,,,,,,,,,,,,,,,,,,,,,,,,,,,,,,,,,,,,,,,,,,,,,,,,,,,,,,,,,,,,,,,,,,,,,,,,,,,,,,,,,,,,,,,,,,,,,,,,,,,,,,,,,,,,,,,,,,,,,,,,,,,,,,,,,,,,,,,,,,,,,,,,,,,,,,,,,,,,,,,,,,,,,,,,,,,,,,,,,,,,,,,,,,,,,,,,,,,,,,,,,,,,,,,,,,,,,,,,,,,,,,,,,,,,,,,,,,,,,,,,,,,,,,,,,,,,,,,,,,,,,,,,,,,,,,,,,,,,,,,,,,,,,,,,,,,,,,,,,,,,,,,,,,,,,,,,,,,,,,,
 ,Los datos no incluyen la energía generada estimada por las instalaciones de autoconsumo.,,,,,,,,,,,,,,,,,,,,,,,,,,,,,,,,,,,,,,,,,,,,,,,,,,,,,,,,,,,,,,,,,,,,,,,,,,,,,,,,,,,,,,,,,,,,,,,,,,,,,,,,,,,,,,,,,,,,,,,,,,,,,,,,,,,,,,,,,,,,,,,,,,,,,,,,,,,,,,,,,,,,,,,,,,,,,,,,,,,,,,,,,,,,,,,,,,,,,,,,,,,,,,,,,,,,,,,,,,,,,,,,,,,,,,,,,,,,,,,,,,,,,,,,,,,,,,,,,,,,,,,,,,,,,,,,,,,,,,,,,,,,,,,,,,,,,,,,,,,,,,,,,,,,,,,,,,,,,,,,,,,,,,,,,,,,,,,,,,,,,,,,,,,,,,,,,,,,,,,,,,,,,
 ,,,,,,,,,,,,,,,,,,,,,,,,,,,,,,,,,,,,,,,,,,,,,,,,,,,,,,,,,,,,,,,,,,,,,,,,,,,,,,,,,,,,,,,,,,,,,,,,,,,,,,,,,,,,,,,,,,,,,,,,,,,,,,,,,,,,,,,,,,,,,,,,,,,,,,,,,,,,,,,,,,,,,,,,,,,,,,,,,,,,,,,,,,,,,,,,,,,,,,,,,,,,,,,,,,,,,,,,,,,,,,,,,,,,,,,,,,,,,,,,,,,,,,,,,,,,,,,,,,,,,,,,,,,,,,,,,,,,,,,,,,,,,,,,,,,,,,,,,,,,,,,,,,,,,,,,,,,,,,,,,,,,,,,,,,,,,,,,,,,,,,,,,,,,,,,,,,,,,,,,,,,,,,
Estados,,,,,,,,,,,,,,,,,,,,,,,,,,,,,,,,,,,,,,,,,,,,,,,,,,,,,,,,,,,,,,,,,,,,,,,,,,,,,,,,,,,,,,,,,,,,,,,,,,,,,,,,,,,,,,,,,,,,,,,,,,,,,,,,,,,,,,,,,,,,,,,,,,,,,,,,,,,,,,,,,,,,,,,,,,,,,,,,,,,,,,,,,,,,,,,,,,,,,,,,,,,,,,,,,,,,,,,,,,,,,,,,,,,,,,,,,,,,,,,,,,,,,,,,,,,,,,,,,,,,,,,,,,,,,,,,,,,,,,,,,,,,,,,,,,,,,,,,,,,,,,,,,,,,,,,,,,,,,,,,,,,,,,,,,,,,,,,,,,,,,,,,,,,,,,,,,,,,,,,,,,,,,,
 ,Definitivo: 01/01/2020 - 31/12/2020,,,,,,,,,,,,,,,,,,,,,,,,,,,,,,,,,,,,,,,,,,,,,,,,,,,,,,,,,,,,,,,,,,,,,,,,,,,,,,,,,,,,,,,,,,,,,,,,,,,,,,,,,,,,,,,,,,,,,,,,,,,,,,,,,,,,,,,,,,,,,,,,,,,,,,,,,,,,,,,,,,,,,,,,,,,,,,,,,,,,,,,,,,,,,,,,,,,,,,,,,,,,,,,,,,,,,,,,,,,,,,,,,,,,,,,,,,,,,,,,,,,,,,,,,,,,,,,,,,,,,,,,,,,,,,,,,,,,,,,,,,,,,,,,,,,,,,,,,,,,,,,,,,,,,,,,,,,,,,,,,,,,,,,,,,,,,,,,,,,,,,,,,,,,,,,,,,,,,,,,,,,,,
 ,,,,,,,,,,,,,,,,,,,,,,,,,,,,,,,,,,,,,,,,,,,,,,,,,,,,,,,,,,,,,,,,,,,,,,,,,,,,,,,,,,,,,,,,,,,,,,,,,,,,,,,,,,,,,,,,,,,,,,,,,,,,,,,,,,,,,,,,,,,,,,,,,,,,,,,,,,,,,,,,,,,,,,,,,,,,,,,,,,,,,,,,,,,,,,,,,,,,,,,,,,,,,,,,,,,,,,,,,,,,,,,,,,,,,,,,,,,,,,,,,,,,,,,,,,,,,,,,,,,,,,,,,,,,,,,,,,,,,,,,,,,,,,,,,,,,,,,,,,,,,,,,,,,,,,,,,,,,,,,,,,,,,,,,,,,,,,,,,,,,,,,,,,,,,,,,,,,,,,,,,,,,,,
Fecha exportación,27/12/2025 - 20:59:29,,,,,,,,,,,,,,,,,,,,,,,,,,,,,,,,,,,,,,,,,,,,,,,,,,,,,,,,,,,,,,,,,,,,,,,,,,,,,,,,,,,,,,,,,,,,,,,,,,,,,,,,,,,,,,,,,,,,,,,,,,,,,,,,,,,,,,,,,,,,,,,,,,,,,,,,,,,,,,,,,,,,,,,,,,,,,,,,,,,,,,,,,,,,,,,,,,,,,,,,,,,,,,,,,,,,,,,,,,,,,,,,,,,,,,,,,,,,,,,,,,,,,,,,,,,,,,,,,,,,,,,,,,,,,,,,,,,,,,,,,,,,,,,,,,,,,,,,,,,,,,,,,,,,,,,,,,,,,,,,,,,,,,,,,,,,,,,,,,,,,,,,,,,,,,,,,,,,,,,,,,,,,
 ,,,,,,,,,,,,,,,,,,,,,,,,,,,,,,,,,,,,,,,,,,,,,,,,,,,,,,,,,,,,,,,,,,,,,,,,,,,,,,,,,,,,,,,,,,,,,,,,,,,,,,,,,,,,,,,,,,,,,,,,,,,,,,,,,,,,,,,,,,,,,,,,,,,,,,,,,,,,,,,,,,,,,,,,,,,,,,,,,,,,,,,,,,,,,,,,,,,,,,,,,,,,,,,,,,,,,,,,,,,,,,,,,,,,,,,,,,,,,,,,,,,,,,,,,,,,,,,,,,,,,,,,,,,,,,,,,,,,,,,,,,,,,,,,,,,,,,,,,,,,,,,,,,,,,,,,,,,,,,,,,,,,,,,,,,,,,,,,,,,,,,,,,,,,,,,,,,,,,,,,,,,,,,
Fuente,www.ree.es,,,,,,,,,,,,,,,,,,,,,,,,,,,,,,,,,,,,,,,,,,,,,,,,,,,,,,,,,,,,,,,,,,,,,,,,,,,,,,,,,,,,,,,,,,,,,,,,,,,,,,,,,,,,,,,,,,,,,,,,,,,,,,,,,,,,,,,,,,,,,,,,,,,,,,,,,,,,,,,,,,,,,,,,,,,,,,,,,,,,,,,,,,,,,,,,,,,,,,,,,,,,,,,,,,,,,,,,,,,,,,,,,,,,,,,,,,,,,,,,,,,,,,,,,,,,,,,,,,,,,,,,,,,,,,,,,,,,,,,,,,,,,,,,,,,,,,,,,,,,,,,,,,,,,,,,,,,,,,,,,,,,,,,,,,,,,,,,,,,,,,,,,,,,,,,,,,,,,,,,,,,,,
